-0.000266,0.000000
0.001490,1.191058
0.003245,1.666511
0.005001,2.472387
0.006756,3.071571
0.008512,3.507791
0.010268,4.042144
0.012023,4.482638
0.013779,4.859562
0.015534,5.173625
0.017290,5.392338
0.019046,5.673032
0.020801,5.815932
0.022557,5.951148
0.024312,6.133156
0.026068,6.232057
0.027823,6.301159
0.029579,6.393098
0.031335,6.452679
0.033090,6.515556
0.034846,6.522739
0.036601,6.531553
0.038357,6.572675
0.040113,6.585785
0.041868,6.600412
0.043624,6.619043
0.045379,6.610256
0.047135,6.612678
0.048890,6.632939
0.050646,6.609060
0.052402,6.615860
0.054157,6.599744
0.055913,6.597008
0.057668,6.603859
0.059424,6.551647
0.061180,6.568529
0.062935,6.587126
0.064691,6.543399
0.066446,6.557143
0.068202,6.557615
0.069958,6.537205
0.071713,6.519098
0.073469,6.519169
0.075224,6.516263
0.076980,6.502175
0.078735,6.491694
0.080491,6.464107
0.082247,6.466972
0.084002,6.456181
0.085758,6.422290
0.087513,6.392197
0.089269,6.381477
0.091025,6.385404
0.092780,6.350482
0.094536,6.341454
0.096291,6.337591
0.098047,6.306354
0.099802,6.281974
0.101558,6.294913
0.103314,6.289131
0.105069,6.254449
0.106825,6.247059
0.108580,6.237980
0.110336,6.220725
0.112092,6.222655
0.113847,6.202975
0.115603,6.177140
0.117358,6.183965
0.119114,6.182721
0.120870,6.172067
0.122625,6.169532
0.124381,6.164428
0.126136,6.155742
0.127892,6.147876
0.129647,6.133117
0.131403,6.129744
0.133159,6.138472
0.134914,6.125928
0.136670,6.141199
0.138425,6.126427
0.140181,6.127698
0.141937,6.143463
0.143692,6.133232
0.145448,6.123751
0.147203,6.117834
0.148959,6.105774
0.150714,6.115029
0.152470,6.114747
0.154226,6.134523
0.155981,6.122433
0.157737,6.139118
0.159492,6.119581
0.161248,6.127686
0.163004,6.123777
0.164759,6.128197
0.166515,6.133574
0.168270,6.145031
0.170026,6.133203
0.171782,6.124628
0.173537,6.102295
0.175293,6.118124
0.177048,6.125164
0.178804,6.104821
0.180559,6.123988
0.182315,6.128275
0.184071,6.074708
0.185826,6.085586
0.187582,6.104572
0.189337,6.107429
0.191093,6.125275
0.192849,6.127987
0.194604,6.126820
0.196360,6.135526
0.198115,6.130487
0.199871,6.142973
0.201626,6.144681
0.203382,6.162810
0.205138,6.179330
0.206893,6.181535
0.208649,6.189233
0.210404,6.169289
0.212160,6.181037
0.213916,6.172414
0.215671,6.145558
0.217427,6.156739
0.219182,6.172125
0.220938,6.171547
0.222694,6.175302
0.224449,6.177008
0.226205,6.188665
0.227960,6.214094
0.229716,6.203428
0.231471,6.225170
0.233227,6.213686
0.234983,6.219575
0.236738,6.238804
0.238494,6.270725
0.240249,6.257665
0.242005,6.278710
0.243761,6.253087
0.245516,6.240551
0.247272,6.270415
0.249027,6.248113
0.250783,6.262174
0.252538,6.229028
0.254294,6.224635
0.256050,6.221762
0.257805,6.247554
0.259561,6.244515
0.261316,6.262897
0.263072,6.264317
0.264828,6.281267
0.266583,6.294400
0.268339,6.258456
0.270094,6.286262
0.271850,6.297550
0.273605,6.302863
0.275361,6.324923
0.277117,6.287172
0.278872,6.266580
0.280628,6.291295
0.282383,6.277600
0.284139,6.300698
0.285895,6.309588
0.287650,6.309592
0.289406,6.300884
0.291161,6.317472
0.292917,6.325448
0.294673,6.328593
0.296428,6.320702
0.298184,6.334594
0.299939,6.344114
0.301695,6.348074
0.303450,6.354105
0.305206,6.379894
0.306962,6.379055
0.308717,6.308894
0.310473,6.303744
0.312228,6.309523
0.313984,6.320823
0.315740,6.311880
0.317495,6.333889
0.319251,6.351071
0.321006,6.327886
0.322762,6.356693
0.324517,6.359634
0.326273,6.372869
0.328029,6.356025
0.329784,6.383263
0.331540,6.394833
0.333295,6.403758
0.335051,6.397541
0.336807,6.415096
0.338562,6.429175
0.340318,6.410176
0.342073,6.399865
0.343829,6.379304
0.345585,6.386106
0.347340,6.389260
0.349096,6.388664
0.350851,6.353279
0.352607,6.366615
0.354362,6.363360
0.356118,6.381174
0.357874,6.387930
0.359629,6.409878
0.361385,6.406925
0.363140,6.414018
0.364896,6.437712
0.366652,6.429614
0.368407,6.451083
0.370163,6.454847
0.371918,6.460981
0.373674,6.463999
0.375429,6.437842
0.377185,6.420971
0.378941,6.441514
0.380696,6.440591
0.382452,6.436490
0.384207,6.443010
0.385963,6.450016
0.387719,6.472141
0.389474,6.475511
0.391230,6.481529
0.392985,6.506742
0.394741,6.497188
0.396497,6.499071
0.398252,6.505413
0.400008,6.501269
0.401763,6.527612
0.403519,6.500460
0.405274,6.483865
0.407030,6.479311
0.408786,6.487667
0.410541,6.487031
0.412297,6.496690
0.414052,6.508342
0.415808,6.496431
0.417564,6.521115
0.419319,6.519100
0.421075,6.544091
0.422830,6.551510
0.424586,6.565543
0.426341,6.557845
0.428097,6.567135
0.429853,6.573369
0.431608,6.561525
0.433364,6.584402
0.435119,6.488378
0.436875,6.497004
0.438631,6.507983
0.440386,6.518351
0.442142,6.501095
0.443897,6.476688
0.445653,6.484972
0.447409,6.503279
0.449164,6.524023
0.450920,6.526082
0.452675,6.540737
0.454431,6.541850
0.456186,6.565537
0.457942,6.582479
0.459698,6.592028
0.461453,6.594523
0.463209,6.580664
0.464964,6.594546
0.466720,6.582511
0.468476,6.592274
0.470231,6.603741
0.471987,6.629531
0.473742,6.597769
0.475498,6.576359
0.477253,6.570840
0.479009,6.580109
0.480765,6.577800
0.482520,6.607525
0.484276,6.626833
0.486031,6.623394
0.487787,6.632043
0.489543,6.648922
0.491298,6.612151
0.493054,6.620530
0.494809,6.635279
0.496565,6.621253
0.498321,6.594046
0.500076,6.602223
0.501832,6.607118
0.503587,6.618006
0.505343,6.636888
0.507098,6.663951
0.508854,6.676813
0.510610,6.675946
0.512365,6.691602
0.514121,6.705596
0.515876,6.718862
0.517632,6.700177
0.519388,6.693666
0.521143,6.687269
0.522899,6.679958
0.524654,6.673063
0.526410,6.675182
0.528165,6.698772
0.529921,6.701196
0.531677,6.697966
0.533432,6.707494
0.535188,6.722955
0.536943,6.730669
0.538699,6.721379
0.540455,6.715756
0.542210,6.706744
0.543966,6.729250
0.545721,6.713389
0.547477,6.697787
0.549233,6.690180
0.550988,6.690821
0.552744,6.673205
0.554499,6.687814
0.556255,6.699715
0.558010,6.711542
0.559766,6.725400
0.561522,6.748888
0.563277,6.702599
0.565033,6.700692
0.566788,6.713097
0.568544,6.705820
0.570300,6.678800
0.572055,6.682637
0.573811,6.713605
0.575566,6.689476
0.577322,6.710927
0.579077,6.711208
0.580833,6.738844
0.582589,6.743000
0.584344,6.762350
0.586100,6.779296
0.587855,6.770755
0.589611,6.784133
0.591367,6.785120
0.593122,6.771523
0.594878,6.761112
0.596633,6.751825
0.598389,6.764328
0.600145,6.774806
0.601900,6.765325
0.603656,6.746397
0.605411,6.754295
0.607167,6.766207
0.608922,6.772787
0.610678,6.797270
0.612434,6.795764
0.614189,6.813540
0.615945,6.826974
0.617700,6.823098
0.619456,6.845639
0.621212,6.815030
0.622967,6.820016
0.624723,6.814677
0.626478,6.811215
0.628234,6.821622
0.629989,6.799636
0.631745,6.792403
0.633501,6.797075
0.635256,6.811647
0.637012,6.824317
0.638767,6.844281
0.640523,6.869337
0.642279,6.865351
0.644034,6.824716
0.645790,6.805887
0.647545,6.802929
0.649301,6.834179
0.651057,6.834587
0.652812,6.845468
0.654568,6.867014
0.656323,6.864433
0.658079,6.864771
0.659834,6.870462
0.661590,6.892699
0.663346,6.895308
0.665101,6.909789
0.666857,6.872961
0.668612,6.837987
0.670368,6.809992
0.672124,6.812305
0.673879,6.823863
0.675635,6.842079
0.677390,6.849980
0.679146,6.849810
0.680901,6.836707
0.682657,6.856762
0.684413,6.874992
0.686168,6.888512
0.687924,6.902021
0.689679,6.901924
0.691435,6.876048
0.693191,6.889532
0.694946,6.889512
0.696702,6.916606
0.698457,6.935613
0.700213,6.933415
0.701968,6.925611
0.703724,6.891687
0.705480,6.896633
0.707235,6.912912
0.708991,6.925135
0.710746,6.925777
0.712502,6.895371
0.714258,6.888660
0.716013,6.884988
0.717769,6.908181
0.719524,6.918447
0.721280,6.939704
0.723036,6.962350
0.724791,6.973202
0.726547,6.953296
0.728302,6.971849
0.730058,6.974348
0.731813,6.975751
0.733569,6.961507
0.735325,6.928943
0.737080,6.927721
0.738836,6.922280
0.740591,6.941264
0.742347,6.955855
0.744103,6.953545
0.745858,6.972561
0.747614,6.979064
0.749369,7.002947
0.751125,6.970118
0.752880,6.996562
0.754636,6.983779
0.756392,6.963338
0.758147,6.932224
0.759903,6.940077
0.761658,6.956674
0.763414,6.939088
0.765170,6.951257
0.766925,6.973540
0.768681,6.983643
0.770436,7.003951
0.772192,7.005766
0.773948,6.989159
0.775703,7.003547
0.777459,7.004081
0.779214,7.011039
0.780970,7.002577
0.782725,7.034926
0.784481,7.005592
0.786237,6.979343
0.787992,6.972381
0.789748,6.971834
0.791503,6.966232
0.793259,6.963913
0.795015,6.969934
0.796770,6.981702
0.798526,6.983799
0.800281,7.003436
0.802037,7.025575
0.803792,7.008528
0.805548,7.025104
0.807304,7.027108
0.809059,7.017673
0.810815,7.019889
0.812570,7.023299
0.814326,7.019026
0.816082,6.998193
0.817837,6.993957
0.819593,7.001945
0.821348,6.998999
0.823104,6.995988
0.824860,6.985695
0.826615,6.979958
0.828371,6.989656
0.830126,7.002246
0.831882,7.020156
0.833637,7.010490
0.835393,7.029817
0.837149,7.039328
0.838904,7.042230
0.840660,7.068807
0.842415,7.075321
0.844171,7.092777
0.845927,7.074873
0.847682,7.028267
0.849438,7.021848
0.851193,7.017587
0.852949,7.025951
0.854704,7.042206
0.856460,7.063503
0.858216,7.043865
0.859971,7.045311
0.861727,7.043586
0.863482,7.027668
0.865238,7.052913
0.866994,7.066332
0.868749,7.072057
0.870505,7.086324
0.872260,7.095670
0.874016,7.095722
0.875772,7.080172
0.877527,7.055176
0.879283,7.054021
0.881038,7.054246
0.882794,7.052600
0.884549,7.056899
0.886305,7.065274
0.888061,7.070441
0.889816,7.081156
0.891572,7.089730
0.893327,7.107333
0.895083,7.116576
0.896839,7.124007
0.898594,7.112722
0.900350,7.131744
0.902105,7.139471
0.903861,7.104357
0.905616,7.083121
0.907372,7.092738
0.909128,7.100221
0.910883,7.109867
0.912639,7.110860
0.914394,7.122885
0.916150,7.120601
0.917906,7.141041
0.919661,7.136206
0.921417,7.142047
0.923172,7.120160
0.924928,7.088244
0.926684,7.089158
0.928439,7.108429
0.930195,7.113341
0.931950,7.119743
0.933706,7.122381
0.935461,7.110490
0.937217,7.132801
0.938973,7.142563
0.940728,7.144448
0.942484,7.131742
0.944239,7.109132
0.945995,7.120256
0.947751,7.127316
0.949506,7.142535
0.951262,7.166473
0.953017,7.178604
0.954773,7.173147
0.956528,7.172006
0.958284,7.155832
0.960040,7.126712
0.961795,7.137934
0.963551,7.134182
0.965306,7.142346
0.967062,7.126739
0.968818,7.156325
0.970573,7.159608
0.972329,7.166034
0.974084,7.175847
0.975840,7.162616
0.977596,7.139631
0.979351,7.137952
0.981107,7.130435
0.982862,7.117418
0.984618,7.121345
0.986373,7.131417
0.988129,7.138765
0.989885,7.145844
0.991640,7.134538
0.993396,7.123999
0.995151,7.107310
0.996907,7.113259
0.998663,7.130340
1.000418,7.136365
1.002174,7.154844
1.003929,7.176133
1.005685,7.175242
1.007440,7.162456
1.009196,7.164630
1.010952,7.121154
1.012707,7.120293
1.014463,7.090456
1.016218,7.094550
1.017974,7.097301
1.019730,7.116854
1.021485,7.124857
1.023241,7.131177
1.024996,7.138427
1.026752,7.139978
1.028508,7.127140
1.030263,7.131049
1.032019,7.139409
1.033774,7.148976
1.035530,7.141323
1.037285,7.142823
1.039041,7.121279
1.040797,7.122322
1.042552,7.133769
1.044308,7.130804
1.046063,7.127914
1.047819,7.129147
1.049575,7.125451
1.051330,7.110290
1.053086,7.126277
1.054841,7.145755
1.056597,7.181361
1.058352,7.172469
1.060108,7.199907
1.061864,7.189512
1.063619,7.180549
1.065375,7.166333
1.067130,7.155251
1.068886,7.161097
1.070642,7.172162
1.072397,7.159681
1.074153,7.159774
1.075908,7.180089
1.077664,7.174958
1.079420,7.146773
1.081175,7.132106
1.082931,7.134437
1.084686,7.167885
1.086442,7.175505
1.088197,7.178052
1.089953,7.193418
1.091709,7.189049
1.093464,7.169731
1.095220,7.182050
1.096975,7.195480
1.098731,7.195053
1.100487,7.173479
1.102242,7.154301
1.103998,7.148333
1.105753,7.177378
1.107509,7.187020
1.109264,7.198676
1.111020,7.201395
1.112776,7.205237
1.114531,7.206031
1.116287,7.158011
1.118042,7.164042
1.119798,7.178789
1.121554,7.177109
1.123309,7.201506
1.125065,7.189584
1.126820,7.194812
1.128576,7.184235
1.130331,7.183496
1.132087,7.184942
1.133843,7.192801
1.135598,7.193963
1.137354,7.186027
1.139109,7.176459
1.140865,7.148806
1.142621,7.155412
1.144376,7.125371
1.146132,7.127179
1.147887,7.137090
1.149643,7.112111
1.151399,7.130922
1.153154,7.133621
1.154910,7.143777
1.156665,7.140041
1.158421,7.150543
1.160176,7.174375
1.161932,7.189248
1.163688,7.197992
1.165443,7.201742
1.167199,7.186376
1.168954,7.156943
1.170710,7.145455
1.172466,7.170966
1.174221,7.171469
1.175977,7.173529
1.177732,7.173192
1.179488,7.161965
1.181243,7.172117
1.182999,7.185117
1.184755,7.185697
1.186510,7.195493
1.188266,7.211758
1.190021,7.212461
1.191777,7.187276
1.193533,7.174301
1.195288,7.168339
1.197044,7.151770
1.198799,7.147071
1.200555,7.131989
1.202311,7.151407
1.204066,7.156717
1.205822,7.145358
1.207577,7.133998
1.209333,7.159205
1.211088,7.152432
1.212844,7.140635
1.214600,7.135074
1.216355,7.156524
1.218111,7.164708
1.219866,7.179368
1.221622,7.195893
1.223378,7.201437
1.225133,7.205139
1.226889,7.194700
1.228644,7.152762
1.230400,7.145137
1.232155,7.121074
1.233911,7.112991
1.235667,7.127458
1.237422,7.137664
1.239178,7.151949
1.240933,7.150375
1.242689,7.159445
1.244445,7.159746
1.246200,7.169504
1.247956,7.177098
1.249711,7.174276
1.251467,7.171080
1.253223,7.191649
1.254978,7.187019
1.256734,7.193507
1.258489,7.207670
1.260245,7.157095
1.262000,7.162889
1.263756,7.127812
1.265512,7.112598
1.267267,7.116268
1.269023,7.123730
1.270778,7.128044
1.272534,7.140174
1.274290,7.144892
1.276045,7.156251
1.277801,7.163384
1.279556,7.163898
1.281312,7.145958
1.283067,7.134822
1.284823,7.113168
1.286579,7.129024
1.288334,7.138822
1.290090,7.136713
1.291845,7.147651
1.293601,7.165197
1.295357,7.172374
1.297112,7.155645
1.298868,7.138666
1.300623,7.135509
1.302379,7.159771
1.304135,7.170984
1.305890,7.170224
1.307646,7.136857
1.309401,7.140189
1.311157,7.150475
1.312912,7.167812
1.314668,7.177988
1.316424,7.172057
1.318179,7.125098
1.319935,7.156952
1.321690,7.163997
1.323446,7.171282
1.325202,7.156957
1.326957,7.148066
1.328713,7.149027
1.330468,7.132309
1.332224,7.154602
1.333979,7.144985
1.335735,7.159801
1.337491,7.183075
1.339246,7.172952
1.341002,7.184946
1.342757,7.189610
1.344513,7.164209
1.346269,7.161715
1.348024,7.120669
1.349780,7.133276
1.351535,7.150840
1.353291,7.152492
1.355047,7.170465
1.356802,7.170846
1.358558,7.172225
1.360313,7.164202
1.362069,7.174415
1.363824,7.180086
1.365580,7.174609
1.367336,7.183568
1.369091,7.176228
1.370847,7.180560
1.372602,7.143297
1.374358,7.124849
1.376114,7.115386
1.377869,7.123452
1.379625,7.135834
1.381380,7.146893
1.383136,7.133080
1.384891,7.116055
1.386647,7.129786
1.388403,7.141166
1.390158,7.116402
1.391914,7.107742
1.393669,7.097913
1.395425,7.055514
1.397181,7.037808
1.398936,7.018938
1.400692,7.018909
1.402447,7.031855
1.404203,7.053264
1.405959,7.044109
1.407714,7.045422
1.409470,7.044656
1.411225,7.061115
1.412981,7.077162
1.414736,7.072952
1.416492,7.050780
1.418248,7.057697
1.420003,7.063681
1.421759,7.083147
1.423514,7.100619
1.425270,7.100910
1.427026,7.114258
1.428781,7.062228
1.430537,7.049419
1.432292,7.047610
1.434048,7.043890
1.435803,7.040964
1.437559,7.047097
1.439315,7.054427
1.441070,7.076845
1.442826,7.068501
1.444581,7.082562
1.446337,7.094052
1.448093,7.101079
1.449848,7.076590
1.451604,7.089260
1.453359,7.060908
1.455115,7.046406
1.456871,7.050789
1.458626,7.048783
1.460382,7.060696
1.462137,7.078286
1.463893,7.101079
1.465648,7.070536
1.467404,7.066788
1.469160,7.063373
1.470915,7.063717
1.472671,7.079503
1.474426,7.088376
1.476182,7.089561
1.477938,7.113317
1.479693,7.124201
1.481449,7.086162
1.483204,7.072312
1.484960,7.080980
1.486715,7.010842
1.488471,7.031375
1.490227,7.041272
1.491982,7.050783
1.493738,7.066666
1.495493,7.081575
1.497249,7.099426
1.499005,7.101522
1.500760,7.088613
1.502516,7.083192
1.504271,7.065591
1.506027,7.070694
1.507783,7.073757
1.509538,7.067700
1.511294,7.053498
1.513049,7.067628
1.514805,7.081824
1.516560,7.086265
1.518316,7.090612
1.520072,7.049354
1.521827,7.053163
1.523583,7.071928
1.525338,7.092199
1.527094,7.089764
1.528850,7.107436
1.530605,7.124330
1.532361,7.133854
1.534116,7.109701
1.535872,7.071032
1.537627,7.074879
1.539383,7.071216
1.541139,7.056784
1.542894,7.072054
1.544650,7.082138
1.546405,7.091773
1.548161,7.106807
1.549917,7.112566
1.551672,7.120112
1.553428,7.105574
1.555183,7.092426
1.556939,7.087462
1.558695,7.085753
1.560450,7.079239
1.562206,7.084893
1.563961,7.111888
1.565717,7.112406
1.567472,7.113514
1.569228,7.100490
1.570984,7.093885
1.572739,7.094403
1.574495,7.086548
1.576250,7.051850
1.578006,7.061507
1.579762,7.066105
1.581517,7.074216
1.583273,7.085949
1.585028,7.074634
1.586784,7.070025
1.588539,7.071317
1.590295,7.063871
1.592051,7.046964
1.593806,7.049765
1.595562,7.036987
1.597317,7.029337
1.599073,7.050001
1.600829,7.042122
1.602584,7.057813
1.604340,7.056169
1.606095,7.052757
1.607851,7.023951
1.609606,7.025347
1.611362,7.041064
1.613118,7.005563
1.614873,7.018434
1.616629,7.037953
1.618384,7.046318
1.620140,7.043099
1.621896,7.027012
1.623651,7.040115
1.625407,7.049115
1.627162,7.051665
1.628918,7.067311
1.630674,7.045082
1.632429,7.040112
1.634185,6.993776
1.635940,7.013547
1.637696,7.018711
1.639451,7.050270
1.641207,7.053123
1.642963,7.064110
1.644718,7.071638
1.646474,7.010423
1.648229,6.980364
1.649985,6.995210
1.651741,6.965273
1.653496,6.959262
1.655252,6.905002
1.657007,6.897880
1.658763,6.888607
1.660518,6.879021
1.662274,6.886421
1.664030,6.901027
1.665785,6.921372
1.667541,6.919852
1.669296,6.940699
1.671052,6.930828
1.672808,6.941109
1.674563,6.956166
1.676319,6.968465
1.678074,6.928873
1.679830,6.949365
1.681586,6.930844
1.683341,6.896059
1.685097,6.896295
1.686852,6.902897
1.688608,6.916632
1.690363,6.930252
1.692119,6.940253
1.693875,6.941551
1.695630,6.908023
1.697386,6.919949
1.699141,6.927237
1.700897,6.934216
1.702653,6.954315
1.704408,6.961391
1.706164,6.955430
1.707919,6.960793
1.709675,6.928476
1.711430,6.927068
1.713186,6.936164
1.714942,6.880118
1.716697,6.901479
1.718453,6.902971
1.720208,6.895352
1.721964,6.913511
1.723720,6.928502
1.725475,6.958307
1.727231,6.964655
1.728986,6.956109
1.730742,6.932861
1.732498,6.909099
1.734253,6.851180
1.736009,6.858374
1.737764,6.861494
1.739520,6.856093
1.741275,6.869852
1.743031,6.897489
1.744787,6.901335
1.746542,6.905351
1.748298,6.912188
1.750053,6.910220
1.751809,6.917212
1.753565,6.930331
1.755320,6.924787
1.757076,6.922443
1.758831,6.925482
1.760587,6.947615
1.762342,6.932803
1.764098,6.921658
1.765854,6.890837
1.767609,6.878832
1.769365,6.879190
1.771120,6.855378
1.772876,6.887155
1.774632,6.890099
1.776387,6.908169
1.778143,6.921559
1.779898,6.890187
1.781654,6.893306
1.783410,6.910211
1.785165,6.922634
1.786921,6.925782
1.788676,6.939297
1.790432,6.953233
1.792187,6.928754
1.793943,6.951794
1.795699,6.938504
1.797454,6.900600
1.799210,6.900522
1.800965,6.895455
1.802721,6.855045
1.804477,6.833767
1.806232,6.836232
1.807988,6.856389
1.809743,6.870882
1.811499,6.887264
1.813254,6.891430
1.815010,6.899729
1.816766,6.896868
1.818521,6.906611
1.820277,6.910202
1.822032,6.928692
1.823788,6.883946
1.825544,6.884822
1.827299,6.905139
1.829055,6.919487
1.830810,6.933271
1.832566,6.920235
1.834322,6.910857
1.836077,6.896803
1.837833,6.875401
1.839588,6.857710
1.841344,6.860195
1.843099,6.877175
1.844855,6.890010
1.846611,6.903147
1.848366,6.904773
1.850122,6.905100
1.851877,6.910780
1.853633,6.909959
1.855389,6.894172
1.857144,6.881542
1.858900,6.855286
1.860655,6.850605
1.862411,6.862596
1.864166,6.858987
1.865922,6.877011
1.867678,6.884218
1.869433,6.880978
1.871189,6.876347
1.872944,6.860082
1.874700,6.858586
1.876456,6.834017
1.878211,6.828174
1.879967,6.839008
1.881722,6.850019
1.883478,6.862514
1.885234,6.878656
1.886989,6.894772
1.888745,6.870899
1.890500,6.855858
1.892256,6.858293
1.894011,6.861319
1.895767,6.860594
1.897523,6.836055
1.899278,6.855793
1.901034,6.857322
1.902789,6.870262
1.904545,6.859584
1.906301,6.844384
1.908056,6.830368
1.909812,6.847249
1.911567,6.859836
1.913323,6.871017
1.915078,6.863144
1.916834,6.871118
1.918590,6.879757
1.920345,6.858887
1.922101,6.877113
1.923856,6.890877
1.925612,6.851765
1.927368,6.874834
1.929123,6.875736
1.930879,6.856654
1.932634,6.859310
1.934390,6.875881
1.936146,6.843492
1.937901,6.870144
1.939657,6.870011
1.941412,6.864691
1.943168,6.843250
1.944923,6.861479
1.946679,6.834065
1.948435,6.807411
1.950190,6.787105
1.951946,6.812338
1.953701,6.800633
1.955457,6.776505
1.957213,6.770113
1.958968,6.764935
1.960724,6.740854
1.962479,6.763224
1.964235,6.769544
1.965990,6.745518
1.967746,6.760029
1.969502,6.780564
1.971257,6.804065
1.973013,6.811753
1.974768,6.777024
1.976524,6.790568
1.978280,6.770336
1.980035,6.773529
1.981791,6.787096
1.983546,6.808801
1.985302,6.822239
1.987058,6.811286
1.988813,6.799882
1.990569,6.771071
1.992324,6.781723
1.994080,6.791075
1.995835,6.799450
1.997591,6.802399
1.999347,6.774654
2.001102,6.752195
2.002858,6.760330
2.004613,6.766361
2.006369,6.776331
2.008125,6.789128
2.009880,6.789272
2.011636,6.786558
2.013391,6.783845
2.015147,6.738914
2.016902,6.760047
2.018658,6.771160
2.020414,6.783622
2.022169,6.767697
2.023925,6.769435
2.025680,6.759596
2.027436,6.742166
2.029192,6.765451
2.030947,6.767852
2.032703,6.779241
2.034458,6.788589
2.036214,6.782244
2.037969,6.761506
2.039725,6.738937
2.041481,6.747348
2.043236,6.744854
2.044992,6.747481
2.046747,6.751234
2.048503,6.740824
2.050259,6.746222
2.052014,6.761047
2.053770,6.765719
2.055525,6.776719
2.057281,6.771924
2.059037,6.777310
2.060792,6.775283
2.062548,6.761867
2.064303,6.756785
2.066059,6.761444
2.067814,6.763469
2.069570,6.774424
2.071326,6.723304
2.073081,6.708428
2.074837,6.727226
2.076592,6.714253
2.078348,6.702908
2.080104,6.696661
2.081859,6.711294
2.083615,6.695022
2.085370,6.717853
2.087126,6.738507
2.088881,6.739946
2.090637,6.757384
2.092393,6.745210
2.094148,6.739797
2.095904,6.743778
2.097659,6.748066
2.099415,6.752353
2.101171,6.726274
2.102926,6.748650
2.104682,6.757895
2.106437,6.763852
2.108193,6.767393
2.109949,6.760074
2.111704,6.768034
2.113460,6.745958
2.115215,6.741212
2.116971,6.738128
2.118726,6.750283
2.120482,6.740503
2.122238,6.727734
2.123993,6.731765
2.125749,6.742398
2.127504,6.756877
2.129260,6.723870
2.131016,6.734016
2.132771,6.732656
2.134527,6.742034
2.136282,6.746795
2.138038,6.745825
2.139793,6.751360
2.141549,6.766676
2.143305,6.762220
2.145060,6.763030
2.146816,6.744936
2.148571,6.740741
2.150327,6.754137
2.152083,6.737366
2.153838,6.746983
2.155594,6.730075
2.157349,6.695197
2.159105,6.690186
2.160861,6.710752
2.162616,6.698394
2.164372,6.698208
2.166127,6.714164
2.167883,6.696690
2.169638,6.714001
2.171394,6.725541
2.173150,6.722758
2.174905,6.729676
2.176661,6.737093
2.178416,6.743744
2.180172,6.709131
2.181928,6.718130
2.183683,6.722984
2.185439,6.726921
2.187194,6.721981
2.188950,6.744113
2.190705,6.738629
2.192461,6.729389
2.194217,6.687006
2.195972,6.657300
2.197728,6.656775
2.199483,6.652367
2.201239,6.654337
2.202995,6.674709
2.204750,6.669640
2.206506,6.670255
2.208261,6.685598
2.210017,6.641571
2.211773,6.662274
2.213528,6.673691
2.215284,6.686486
2.217039,6.705122
2.218795,6.703856
2.220550,6.685631
2.222306,6.676176
2.224062,6.676744
2.225817,6.665862
2.227573,6.665228
2.229328,6.694168
2.231084,6.706342
2.232840,6.697299
2.234595,6.679855
2.236351,6.688523
2.238106,6.696040
2.239862,6.701534
2.241617,6.710627
2.243373,6.717965
2.245129,6.648701
2.246884,6.634919
2.248640,6.655940
2.250395,6.664857
2.252151,6.685076
2.253907,6.673890
2.255662,6.683401
2.257418,6.688493
2.259173,6.685251
2.260929,6.685450
2.262685,6.704168
2.264440,6.700530
2.266196,6.724543
2.267951,6.664840
2.269707,6.659731
2.271462,6.580866
2.273218,6.587870
2.274974,6.607147
2.276729,6.617306
2.278485,6.629228
2.280240,6.632857
2.281996,6.610972
2.283752,6.618710
2.285507,6.627121
2.287263,6.643654
2.289018,6.655139
2.290774,6.658976
2.292529,6.670093
2.294285,6.651482
2.296041,6.663314
2.297796,6.650695
2.299552,6.615744
2.301307,6.612457
2.303063,6.587770
2.304819,6.602201
2.306574,6.616756
2.308330,6.620348
2.310085,6.631519
2.311841,6.610761
2.313597,6.600727
2.315352,6.621795
2.317108,6.631455
2.318863,6.647009
2.320619,6.644657
2.322374,6.628612
2.324130,6.650782
2.325886,6.637224
2.327641,6.614240
2.329397,6.620717
2.331152,6.620264
2.332908,6.600635
2.334664,6.574080
2.336419,6.565966
2.338175,6.585375
2.339930,6.594864
2.341686,6.600761
2.343441,6.605048
2.345197,6.608436
2.346953,6.592073
2.348708,6.596282
2.350464,6.573759
2.352219,6.565548
2.353975,6.582691
2.355731,6.587783
2.357486,6.590037
2.359242,6.587206
2.360997,6.572276
2.362753,6.601358
2.364509,6.592641
2.366264,6.599710
2.368020,6.572696
2.369775,6.584437
2.371531,6.591603
2.373286,6.602318
2.375042,6.545399
2.376798,6.564472
2.378553,6.575572
2.380309,6.587008
2.382064,6.588321
2.383820,6.586800
2.385576,6.560888
2.387331,6.568044
2.389087,6.588634
2.390842,6.578272
2.392598,6.565988
2.394353,6.581160
2.396109,6.586442
2.397865,6.598787
2.399620,6.592376
2.401376,6.578081
2.403131,6.584077
2.404887,6.498659
2.406643,6.504313
2.408398,6.512909
2.410154,6.511950
2.411909,6.537247
2.413665,6.526577
2.415421,6.536712
2.417176,6.555886
2.418932,6.516059
2.420687,6.520213
2.422443,6.529718
2.424198,6.525701
2.425954,6.527001
2.427710,6.539045
2.429465,6.546032
2.431221,6.554241
2.432976,6.557778
2.434732,6.551362
2.436488,6.547948
2.438243,6.534619
2.439999,6.547583
2.441754,6.525421
2.443510,6.528733
2.445265,6.542394
2.447021,6.537275
2.448777,6.545269
2.450532,6.560604
2.452288,6.553642
2.454043,6.523373
2.455799,6.493019
2.457555,6.459013
2.459310,6.465465
2.461066,6.467591
2.462821,6.464118
2.464577,6.471663
2.466332,6.482136
2.468088,6.484951
2.469844,6.474060
2.471599,6.454455
2.473355,6.460771
2.475110,6.473310
2.476866,6.483666
2.478622,6.482402
2.480377,6.476099
2.482133,6.478036
2.483888,6.476144
2.485644,6.457901
2.487400,6.470180
2.489155,6.467300
2.490911,6.446668
2.492666,6.467991
2.494422,6.469357
2.496177,6.471068
2.497933,6.482462
2.499689,6.486273
2.501444,6.485716
2.503200,6.481212
2.504955,6.451343
2.506711,6.474277
2.508467,6.480201
2.510222,6.483918
2.511978,6.480143
2.513733,6.457501
2.515489,6.435692
2.517244,6.422832
2.519000,6.452217
2.520756,6.466752
2.522511,6.481552
2.524267,6.483714
2.526022,6.479008
2.527778,6.455879
2.529534,6.472829
2.531289,6.475104
2.533045,6.487421
2.534800,6.475839
2.536556,6.439450
2.538312,6.442002
2.540067,6.420957
2.541823,6.441774
2.543578,6.452489
2.545334,6.450880
2.547089,6.450838
2.548845,6.456463
2.550601,6.458981
2.552356,6.466059
2.554112,6.476950
2.555867,6.477571
2.557623,6.470251
2.559379,6.453298
2.561134,6.437211
2.562890,6.439773
2.564645,6.448325
2.566401,6.441688
2.568156,6.409036
2.569912,6.435697
2.571668,6.428435
2.573423,6.446513
2.575179,6.429876
2.576934,6.418675
2.578690,6.438831
2.580446,6.439574
2.582201,6.440207
2.583957,6.453916
2.585712,6.453586
2.587468,6.431310
2.589224,6.421620
2.590979,6.400447
2.592735,6.308103
2.594490,6.308899
2.596246,6.317306
2.598001,6.330327
2.599757,6.333287
2.601513,6.352168
2.603268,6.358927
2.605024,6.364451
2.606779,6.361826
2.608535,6.338028
2.610291,6.329582
2.612046,6.346594
2.613802,6.353297
2.615557,6.365014
2.617313,6.377975
2.619068,6.373679
2.620824,6.354319
2.622580,6.365085
2.624335,6.359764
2.626091,6.348646
2.627846,6.338671
2.629602,6.356981
2.631358,6.355485
2.633113,6.376293
2.634869,6.352279
2.636624,6.372122
2.638380,6.383583
2.640136,6.379212
2.641891,6.382323
2.643647,6.365532
2.645402,6.349228
2.647158,6.364211
2.648913,6.360827
2.650669,6.355330
2.652425,6.358902
2.654180,6.372249
2.655936,6.373387
2.657691,6.385659
2.659447,6.382386
2.661203,6.351527
2.662958,6.351102
2.664714,6.344877
2.666469,6.341061
2.668225,6.354118
2.669980,6.352400
2.671736,6.370093
2.673492,6.368214
2.675247,6.375087
2.677003,6.380185
2.678758,6.340923
2.680514,6.332434
2.682270,6.325946
2.684025,6.346246
2.685781,6.358708
2.687536,6.360730
2.689292,6.350398
2.691048,6.352925
2.692803,6.364456
2.694559,6.359947
2.696314,6.350734
2.698070,6.323500
2.699825,6.328548
2.701581,6.351398
2.703337,6.341281
2.705092,6.363685
2.706848,6.330845
2.708603,6.347556
2.710359,6.348271
2.712115,6.341634
2.713870,6.332886
2.715626,6.323030
2.717381,6.319353
2.719137,6.318580
2.720892,6.325349
2.722648,6.326490
2.724404,6.310638
2.726159,6.289665
2.727915,6.254806
2.729670,6.251341
2.731426,6.269927
2.733182,6.244831
2.734937,6.259034
2.736693,6.256163
2.738448,6.274142
2.740204,6.276453
2.741960,6.270935
2.743715,6.290510
2.745471,6.300355
2.747226,6.303980
2.748982,6.307047
2.750737,6.292074
2.752493,6.256242
2.754249,6.241565
2.756004,6.235504
2.757760,6.248359
2.759515,6.260765
2.761271,6.260504
2.763027,6.260995
2.764782,6.264903
2.766538,6.277411
2.768293,6.283528
2.770049,6.261567
2.771804,6.266555
2.773560,6.269151
2.775316,6.286110
2.777071,6.247660
2.778827,6.230835
2.780582,6.234655
2.782338,6.231663
2.784094,6.241404
2.785849,6.237684
2.787605,6.240804
2.789360,6.259579
2.791116,6.272401
2.792872,6.258972
2.794627,6.266314
2.796383,6.266286
2.798138,6.257737
2.799894,6.238445
2.801649,6.227560
2.803405,6.125362
2.805161,6.144160
2.806916,6.157511
2.808672,6.176674
2.810427,6.186754
2.812183,6.187243
2.813939,6.185543
2.815694,6.201171
2.817450,6.203239
2.819205,6.190142
2.820961,6.187172
2.822716,6.186294
2.824472,6.192937
2.826228,6.179775
2.827983,6.175621
2.829739,6.180487
2.831494,6.187486
2.833250,6.204329
2.835006,6.188226
2.836761,6.206168
2.838517,6.215660
2.840272,6.207709
2.842028,6.225877
2.843784,6.222944
2.845539,6.217570
2.847295,6.183389
2.849050,6.222519
2.850806,6.211298
2.852561,6.220085
2.854317,6.213940
2.856073,6.205433
2.857828,6.211704
2.859584,6.210417
2.861339,6.215763
2.863095,6.207538
2.864851,6.207925
2.866606,6.202270
2.868362,6.195668
2.870117,6.203417
2.871873,6.203715
2.873628,6.212268
2.875384,6.209287
2.877140,6.207181
2.878895,6.194410
2.880651,6.168925
2.882406,6.195053
2.884162,6.198002
2.885918,6.206934
2.887673,6.186068
2.889429,6.187641
2.891184,6.192026
2.892940,6.197541
2.894695,6.192772
2.896451,6.177082
2.898207,6.185180
2.899962,6.195478
2.901718,6.190809
2.903473,6.199807
2.905229,6.185939
2.906985,6.182822
2.908740,6.185031
2.910496,6.134007
2.912251,6.137161
2.914007,6.149854
2.915763,6.159807
2.917518,6.157159
2.919274,6.140749
2.921029,6.155003
2.922785,6.157173
2.924540,6.152584
2.926296,6.124648
2.928052,6.107248
2.929807,6.108170
2.931563,6.124815
2.933318,6.130278
2.935074,6.104552
2.936830,6.118914
2.938585,6.125248
2.940341,6.136653
2.942096,6.136980
2.943852,6.145973
2.945607,6.125789
2.947363,6.117376
2.949119,6.130514
2.950874,6.105800
2.952630,6.117900
2.954385,6.124456
2.956141,6.112519
2.957897,6.128878
2.959652,6.139448
2.961408,6.098307
2.963163,6.095733
2.964919,6.065208
2.966675,6.058981
2.968430,6.037157
2.970186,6.048201
2.971941,6.060230
2.973697,6.053350
2.975452,6.070154
2.977208,6.079759
2.978964,6.079042
2.980719,6.079990
2.982475,6.043016
2.984230,6.043997
2.985986,6.042369
2.987742,6.064903
2.989497,6.072414
2.991253,6.077509
2.993008,6.076837
2.994764,6.055095
2.996519,6.070144
2.998275,6.048194
3.000031,6.045495
3.001786,6.059824
3.003542,6.074243
3.005297,6.071019
3.007053,6.047787
3.008809,6.060189
3.010564,6.084297
3.012320,6.081014
3.014075,6.080148
3.015831,6.070159
3.017587,6.043868
3.019342,6.050866
3.021098,6.049057
3.022853,6.035721
3.024609,6.055746
3.026364,5.971296
3.028120,6.002778
3.029876,6.010908
3.031631,6.024125
3.033387,6.033041
3.035142,6.007549
3.036898,5.988395
3.038654,5.985710
3.040409,5.993954
3.042165,6.007353
3.043920,6.011155
3.045676,6.020500
3.047431,6.024943
3.049187,6.040455
3.050943,6.044634
3.052698,6.052273
3.054454,6.013680
3.056209,6.031073
3.057965,6.036354
3.059721,6.021917
3.061476,6.017995
3.063232,6.025019
3.064987,6.029259
3.066743,6.034344
3.068499,6.029305
3.070254,6.025651
3.072010,6.030559
3.073765,6.032095
3.075521,6.044693
3.077276,6.033559
3.079032,6.029953
3.080788,6.041182
3.082543,6.030351
3.084299,6.036870
3.086054,6.045203
3.087810,6.033329
3.089566,6.037258
3.091321,6.042243
3.093077,6.054361
3.094832,6.035076
3.096588,6.031182
3.098343,6.040790
3.100099,6.040345
3.101855,6.035890
3.103610,6.009120
3.105366,5.994861
3.107121,6.034196
3.108877,6.032666
3.110633,6.034257
3.112388,6.021248
3.114144,6.032383
3.115899,6.033513
3.117655,6.028676
3.119411,6.024423
3.121166,6.016142
3.122922,6.022724
3.124677,6.026937
3.126433,6.028563
3.128188,6.009869
3.129944,6.032594
3.131700,6.019573
3.133455,6.026363
3.135211,6.003555
3.136966,6.007118
3.138722,6.015202
3.140478,6.016671
3.142233,5.987207
3.143989,5.959070
3.145744,5.956173
3.147500,5.951682
3.149255,5.962683
3.151011,5.945021
3.152767,5.966603
3.154522,5.979705
3.156278,5.981706
3.158033,5.950293
3.159789,5.981792
3.161545,5.986986
3.163300,5.970688
3.165056,5.950774
3.166811,5.962358
3.168567,5.971544
3.170323,5.948498
3.172078,5.957718
3.173834,5.967530
3.175589,5.965810
3.177345,5.966185
3.179100,5.976222
3.180856,5.949154
3.182612,5.977172
3.184367,5.972313
3.186123,5.935348
3.187878,5.923311
3.189634,5.946311
3.191390,5.954408
3.193145,5.954850
3.194901,5.950350
3.196656,5.951671
3.198412,5.965379
3.200167,5.966741
3.201923,5.969330
3.203679,5.945055
3.205434,5.932688
3.207190,5.927177
3.208945,5.915186
3.210701,5.913216
3.212457,5.913134
3.214212,5.921763
3.215968,5.937635
3.217723,5.924563
3.219479,5.936261
3.221235,5.944279
3.222990,5.932137
3.224746,5.949772
3.226501,5.934174
3.228257,5.945590
3.230012,5.941741
3.231768,5.940944
3.233524,5.958948
3.235279,5.942824
3.237035,5.957292
3.238790,5.950153
3.240546,5.961131
3.242302,5.938591
3.244057,5.934039
3.245813,5.921649
3.247568,5.925167
3.249324,5.929420
3.251079,5.941576
3.252835,5.924433
3.254591,5.951326
3.256346,5.938419
3.258102,5.927811
3.259857,5.937310
3.261613,5.875790
3.263369,5.874254
3.265124,5.884943
3.266880,5.878793
3.268635,5.885577
3.270391,5.894039
3.272147,5.896074
3.273902,5.886380
3.275658,5.898668
3.277413,5.870895
3.279169,5.871044
3.280924,5.841976
3.282680,5.848814
3.284436,5.861058
3.286191,5.853230
3.287947,5.864465
3.289702,5.876689
3.291458,5.854768
3.293214,5.877839
3.294969,5.870669
3.296725,5.879879
3.298480,5.866662
3.300236,5.866166
3.301991,5.881087
3.303747,5.864411
3.305503,5.876368
3.307258,5.867548
3.309014,5.876916
3.310769,5.888667
3.312525,5.872011
3.314281,5.868598
3.316036,5.868340
3.317792,5.848913
3.319547,5.869621
3.321303,5.866165
3.323059,5.876201
3.324814,5.888832
3.326570,5.853903
3.328325,5.832334
3.330081,5.814316
3.331836,5.790276
3.333592,5.792004
3.335348,5.793224
3.337103,5.808212
3.338859,5.818022
3.340614,5.819053
3.342370,5.832636
3.344126,5.837264
3.345881,5.806904
3.347637,5.804845
3.349392,5.798076
3.351148,5.795413
3.352903,5.787054
3.354659,5.797470
3.356415,5.813657
3.358170,5.821919
3.359926,5.828455
3.361681,5.834309
3.363437,5.832485
3.365193,5.837276
3.366948,5.806598
3.368704,5.808392
3.370459,5.815676
3.372215,5.814697
3.373970,5.808386
3.375726,5.791027
3.377482,5.781248
3.379237,5.787098
3.380993,5.789548
3.382748,5.801044
3.384504,5.783293
3.386260,5.770736
3.388015,5.787184
3.389771,5.795087
3.391526,5.786570
3.393282,5.778839
3.395038,5.773458
3.396793,5.763329
3.398549,5.759579
3.400304,5.759410
3.402060,5.769194
3.403815,5.779734
3.405571,5.786500
3.407327,5.793640
3.409082,5.783285
3.410838,5.796371
3.412593,5.810967
3.414349,5.794200
3.416105,5.804709
3.417860,5.778708
3.419616,5.756591
3.421371,5.775601
3.423127,5.783357
3.424882,5.806633
3.426638,5.771671
3.428394,5.784263
3.430149,5.793839
3.431905,5.780548
3.433660,5.791693
3.435416,5.773005
3.437172,5.771676
3.438927,5.776425
3.440683,5.782720
3.442438,5.749255
3.444194,5.743913
3.445950,5.743675
3.447705,5.756077
3.449461,5.763549
3.451216,5.759607
3.452972,5.778838
3.454727,5.763492
3.456483,5.759139
3.458239,5.753047
3.459994,5.756436
3.461750,5.762470
3.463505,5.753535
3.465261,5.758659
3.467017,5.729114
3.468772,5.738902
3.470528,5.746209
3.472283,5.752099
3.474039,5.760412
3.475794,5.729057
3.477550,5.736224
3.479306,5.742710
3.481061,5.741314
3.482817,5.746194
3.484572,5.710777
3.486328,5.729581
3.488084,5.742874
3.489839,5.733810
3.491595,5.741332
3.493350,5.735879
3.495106,5.749357
3.496862,5.627517
3.498617,5.636623
3.500373,5.643184
3.502128,5.661613
3.503884,5.681026
3.505639,5.673887
3.507395,5.657712
3.509151,5.663579
3.510906,5.673600
3.512662,5.672324
3.514417,5.674489
3.516173,5.666089
3.517929,5.672438
3.519684,5.688635
3.521440,5.670527
3.523195,5.683374
3.524951,5.669607
3.526706,5.669966
3.528462,5.654719
3.530218,5.642804
3.531973,5.630473
3.533729,5.573810
3.535484,5.573294
3.537240,5.590208
3.538996,5.596779
3.540751,5.601984
3.542507,5.597173
3.544262,5.611359
3.546018,5.573047
3.547774,5.594840
3.549529,5.618016
3.551285,5.597392
3.553040,5.600941
3.554796,5.563616
3.556551,5.571362
3.558307,5.579750
3.560063,5.573884
3.561818,5.577950
3.563574,5.579948
3.565329,5.584757
3.567085,5.595035
3.568841,5.593745
3.570596,5.572749
3.572352,5.573648
3.574107,5.558019
3.575863,5.563371
3.577618,5.573366
3.579374,5.538321
3.581130,5.561355
3.582885,5.563580
3.584641,5.555452
3.586396,5.521268
3.588152,5.520339
3.589908,5.517922
3.591663,5.516094
3.593419,5.507038
3.595174,5.502631
3.596930,5.507410
3.598686,5.508237
3.600441,5.520668
3.602197,5.533174
3.603952,5.532014
3.605708,5.518951
3.607463,5.519733
3.609219,5.519500
3.610975,5.520684
3.612730,5.488568
3.614486,5.509286
3.616241,5.523098
3.617997,5.534970
3.619753,5.504215
3.621508,5.505111
3.623264,5.508236
3.625019,5.515870
3.626775,5.526315
3.628530,5.521956
3.630286,5.535829
3.632042,5.528624
3.633797,5.534840
3.635553,5.526647
3.637308,5.527308
3.639064,5.530666
3.640820,5.525052
3.642575,5.505131
3.644331,5.500741
3.646086,5.505097
3.647842,5.511933
3.649598,5.530232
3.651353,5.525667
3.653109,5.533494
3.654864,5.535695
3.656620,5.471029
3.658375,5.471471
3.660131,5.482715
3.661887,5.499247
3.663642,5.481235
3.665398,5.481370
3.667153,5.483470
3.668909,5.500862
3.670665,5.508161
3.672420,5.466481
3.674176,5.489115
3.675931,5.496925
3.677687,5.472333
3.679442,5.483254
3.681198,5.487599
3.682954,5.484794
3.684709,5.468594
3.686465,5.464354
3.688220,5.478335
3.689976,5.480270
3.691732,5.491791
3.693487,5.495044
3.695243,5.476245
3.696998,5.479882
3.698754,5.460949
3.700510,5.471105
3.702265,5.475363
3.704021,5.468641
3.705776,5.455125
3.707532,5.468967
3.709287,5.464565
3.711043,5.457325
3.712799,5.471705
3.714554,5.461101
3.716310,5.465508
3.718065,5.485942
3.719821,5.432779
3.721577,5.438440
3.723332,5.435797
3.725088,5.410592
3.726843,5.398870
3.728599,5.352415
3.730354,5.345359
3.732110,5.352075
3.733866,5.355631
3.735621,5.358371
3.737377,5.365656
3.739132,5.373307
3.740888,5.365126
3.742644,5.336868
3.744399,5.331213
3.746155,5.340415
3.747910,5.340385
3.749666,5.348398
3.751422,5.355855
3.753177,5.343106
3.754933,5.357357
3.756688,5.354477
3.758444,5.362477
3.760199,5.342354
3.761955,5.339593
3.763711,5.326008
3.765466,5.338345
3.767222,5.329843
3.768977,5.314411
3.770733,5.315518
3.772489,5.310944
3.774244,5.334041
3.776000,5.312330
3.777755,5.299844
3.779511,5.309337
3.781266,5.293814
3.783022,5.294131
3.784778,5.288595
3.786533,5.181309
3.788289,5.212146
3.790044,5.228088
3.791800,5.237334
3.793556,5.242528
3.795311,5.253153
3.797067,5.243846
3.798822,5.253565
3.800578,5.257962
3.802333,5.265348
3.804089,5.243852
3.805845,5.229221
3.807600,5.234333
3.809356,5.238348
3.811111,5.238858
3.812867,5.239008
3.814623,5.249186
3.816378,5.250899
3.818134,5.253678
3.819889,5.268422
3.821645,5.253078
3.823401,5.249533
3.825156,5.262615
3.826912,5.248268
3.828667,5.239278
3.830423,5.244233
3.832178,5.244516
3.833934,5.238909
3.835690,5.253128
3.837445,5.246063
3.839201,5.262253
3.840956,5.275407
3.842712,5.258737
3.844468,5.241932
3.846223,5.256521
3.847979,5.245580
3.849734,5.256180
3.851490,5.267300
3.853245,5.259280
3.855001,5.254555
3.856757,5.261603
3.858512,5.247105
3.860268,5.253123
3.862023,5.253224
3.863779,5.244476
3.865535,5.264529
3.867290,5.270806
3.869046,5.268085
3.870801,5.268943
3.872557,5.251619
3.874313,5.246554
3.876068,5.247155
3.877824,5.252592
3.879579,5.251119
3.881335,5.252007
3.883090,5.225907
3.884846,5.238900
3.886602,5.245622
3.888357,5.225676
3.890113,5.241729
3.891868,5.249866
3.893624,5.234521
3.895380,5.235800
3.897135,5.226896
3.898891,5.233827
3.900646,5.246672
3.902402,5.235713
3.904157,5.231544
3.905913,5.234550
3.907669,5.230108
3.909424,5.237118
3.911180,5.231186
3.912935,5.215054
3.914691,5.229231
3.916447,5.204867
3.918202,5.216946
3.919958,5.232856
3.921713,5.204536
3.923469,5.223158
3.925225,5.211950
3.926980,5.201960
3.928736,5.195159
3.930491,5.206945
3.932247,5.164408
3.934002,5.187797
3.935758,5.205046
3.937514,5.197743
3.939269,5.193678
3.941025,5.190494
3.942780,5.197540
3.944536,5.202870
3.946292,5.198318
3.948047,5.198116
3.949803,5.197846
3.951558,5.193710
3.953314,5.173026
3.955069,5.180922
3.956825,5.192359
3.958581,5.189792
3.960336,5.185377
3.962092,5.159804
3.963847,5.143874
3.965603,5.136881
3.967359,5.135530
3.969114,5.140408
3.970870,5.124938
3.972625,5.129540
3.974381,5.127292
3.976137,5.146459
3.977892,5.122154
3.979648,5.126593
3.981403,5.118600
3.983159,5.129838
3.984914,5.124396
3.986670,5.131061
3.988426,5.141985
3.990181,5.127528
3.991937,5.129687
3.993692,5.111958
3.995448,5.101988
3.997204,5.045440
3.998959,5.056377
4.000715,5.059328
4.002470,5.063305
4.004226,5.082841
4.005981,5.095830
4.007737,5.108172
4.009493,5.061830
4.011248,5.065299
4.013004,5.068169
4.014759,5.072061
4.016515,5.082985
4.018271,5.071932
4.020026,5.078616
4.021782,5.082349
4.023537,5.095412
4.025293,5.093056
4.027049,5.094257
4.028804,5.076429
4.030560,5.073028
4.032315,5.075879
4.034071,5.063622
4.035826,5.069196
4.037582,5.070697
4.039338,5.080901
4.041093,5.071722
4.042849,5.081747
4.044604,5.086421
4.046360,5.075781
4.048116,5.066932
4.049871,5.041740
4.051627,5.013325
4.053382,5.025678
4.055138,5.035298
4.056893,5.039517
4.058649,5.044605
4.060405,5.052929
4.062160,5.058884
4.063916,5.058816
4.065671,5.055658
4.067427,5.054874
4.069183,5.040064
4.070938,5.046783
4.072694,5.044163
4.074449,5.032344
4.076205,5.049806
4.077961,5.047261
4.079716,5.032536
4.081472,5.025999
4.083227,5.019796
4.084983,5.001351
4.086738,5.009359
4.088494,5.017085
4.090250,5.027307
4.092005,5.034344
4.093761,5.040823
4.095516,5.031911
4.097272,5.012698
4.099028,5.019629
4.100783,5.025650
4.102539,5.023639
4.104294,5.022600
4.106050,4.996487
4.107805,5.010651
4.109561,5.012394
4.111317,5.011492
4.113072,5.020567
4.114828,5.012388
4.116583,5.021393
4.118339,5.016029
4.120095,5.024243
4.121850,5.030825
4.123606,4.995543
4.125361,4.993868
4.127117,4.979355
4.128873,4.989423
4.130628,4.995214
4.132384,4.989046
4.134139,4.994114
4.135895,5.004218
4.137650,5.001236
4.139406,4.987476
4.141162,4.997678
4.142917,4.983644
4.144673,4.978059
4.146428,4.988357
4.148184,4.967310
4.149940,4.975017
4.151695,4.956811
4.153451,4.949340
4.155206,4.940677
4.156962,4.911594
4.158717,4.941595
4.160473,4.953117
4.162229,4.949701
4.163984,4.942791
4.165740,4.924652
4.167495,4.944711
4.169251,4.950352
4.171007,4.935681
4.172762,4.918780
4.174518,4.922047
4.176273,4.928148
4.178029,4.913928
4.179785,4.934384
4.181540,4.918900
4.183296,4.918774
4.185051,4.904617
4.186807,4.903483
4.188562,4.901262
4.190318,4.913011
4.192074,4.921928
4.193829,4.916684
4.195585,4.930501
4.197340,4.899312
4.199096,4.914563
4.200852,4.912072
4.202607,4.917778
4.204363,4.919793
4.206118,4.880151
4.207874,4.894241
4.209629,4.905823
4.211385,4.897420
4.213141,4.872872
4.214896,4.891176
4.216652,4.902913
4.218407,4.834677
4.220163,4.829139
4.221919,4.844503
4.223674,4.840978
4.225430,4.845034
4.227185,4.842295
4.228941,4.827671
4.230696,4.849974
4.232452,4.841689
4.234208,4.846065
4.235963,4.832828
4.237719,4.842669
4.239474,4.851585
4.241230,4.850826
4.242986,4.850078
4.244741,4.845824
4.246497,4.852331
4.248252,4.866333
4.250008,4.845771
4.251764,4.830648
4.253519,4.846008
4.255275,4.851423
4.257030,4.843122
4.258786,4.849640
4.260541,4.850892
4.262297,4.859499
4.264053,4.858981
4.265808,4.831662
4.267564,4.838410
4.269319,4.833511
4.271075,4.826431
4.272831,4.823763
4.274586,4.824014
4.276342,4.821580
4.278097,4.808282
4.279853,4.801747
4.281608,4.818886
4.283364,4.820479
4.285120,4.813103
4.286875,4.804514
4.288631,4.813860
4.290386,4.823122
4.292142,4.813495
4.293898,4.811635
4.295653,4.815617
4.297409,4.818033
4.299164,4.789615
4.300920,4.793071
4.302676,4.774428
4.304431,4.770825
4.306187,4.781142
4.307942,4.773408
4.309698,4.777538
4.311453,4.787480
4.313209,4.763835
4.314965,4.772692
4.316720,4.762345
4.318476,4.760278
4.320231,4.777040
4.321987,4.776213
4.323743,4.765109
4.325498,4.764540
4.327254,4.735961
4.329009,4.727574
4.330765,4.716754
4.332520,4.725242
4.334276,4.721223
4.336032,4.717278
4.337787,4.739153
4.339543,4.719683
4.341298,4.728051
4.343054,4.737436
4.344810,4.742346
4.346565,4.749573
4.348321,4.740764
4.350076,4.690918
4.351832,4.696106
4.353588,4.708346
4.355343,4.705043
4.357099,4.704791
4.358854,4.726612
4.360610,4.730125
4.362365,4.729047
4.364121,4.721090
4.365877,4.694478
4.367632,4.700178
4.369388,4.707030
4.371143,4.708354
4.372899,4.699979
4.374655,4.717464
4.376410,4.725591
4.378166,4.709274
4.379921,4.708837
4.381677,4.715809
4.383432,4.717012
4.385188,4.724551
4.386944,4.713399
4.388699,4.716040
4.390455,4.722357
4.392210,4.712142
4.393966,4.700113
4.395722,4.715512
4.397477,4.692194
4.399233,4.705121
4.400988,4.719048
4.402744,4.698356
4.404500,4.701764
4.406255,4.712278
4.408011,4.713652
4.409766,4.718059
4.411522,4.694041
4.413277,4.678200
4.415033,4.672936
4.416789,4.687023
4.418544,4.696958
4.420300,4.686827
4.422055,4.671909
4.423811,4.679087
4.425567,4.679971
4.427322,4.674003
4.429078,4.675464
4.430833,4.682726
4.432589,4.679444
4.434344,4.681436
4.436100,4.662093
4.437856,4.674828
4.439611,4.684683
4.441367,4.693552
4.443122,4.668074
4.444878,4.683045
4.446634,4.680051
4.448389,4.688679
4.450145,4.695800
4.451900,4.667071
4.453656,4.671909
4.455412,4.670419
4.457167,4.654080
4.458923,4.650575
4.460678,4.652882
4.462434,4.648702
4.464189,4.662913
4.465945,4.657511
4.467701,4.667761
4.469456,4.676293
4.471212,4.678293
4.472967,4.659188
4.474723,4.671087
4.476479,4.661821
4.478234,4.651115
4.479990,4.645874
4.481745,4.624203
4.483501,4.618736
4.485256,4.559407
4.487012,4.564397
4.488768,4.579469
4.490523,4.594905
4.492279,4.588958
4.494034,4.603320
4.495790,4.587059
4.497546,4.572049
4.499301,4.582155
4.501057,4.580133
4.502812,4.586149
4.504568,4.600064
4.506324,4.599220
4.508079,4.598324
4.509835,4.601980
4.511590,4.587612
4.513346,4.574411
4.515101,4.588015
4.516857,4.592585
4.518613,4.596221
4.520368,4.582149
4.522124,4.570959
4.523879,4.575740
4.525635,4.586667
4.527391,4.576519
4.529146,4.587382
4.530902,4.586907
4.532657,4.598803
4.534413,4.601381
4.536168,4.593500
4.537924,4.594854
4.539680,4.587544
4.541435,4.582985
4.543191,4.572025
4.544946,4.575548
4.546702,4.564258
4.548458,4.557550
4.550213,4.559667
4.551969,4.561634
4.553724,4.567711
4.555480,4.574062
4.557236,4.568935
4.558991,4.574900
4.560747,4.567394
4.562502,4.564676
4.564258,4.556647
4.566013,4.556180
4.567769,4.557007
4.569525,4.528058
4.571280,4.527681
4.573036,4.544694
4.574791,4.521996
4.576547,4.531815
4.578303,4.543293
4.580058,4.556567
4.581814,4.559313
4.583569,4.559821
4.585325,4.560351
4.587080,4.554619
4.588836,4.544367
4.590592,4.555582
4.592347,4.554541
4.594103,4.565281
4.595858,4.567899
4.597614,4.556994
4.599370,4.565295
4.601125,4.531737
4.602881,4.536568
4.604636,4.534684
4.606392,4.546743
4.608148,4.559332
4.609903,4.566150
4.611659,4.536328
4.613414,4.537112
4.615170,4.545268
4.616925,4.550148
4.618681,4.546565
4.620437,4.521792
4.622192,4.518471
4.623948,4.533596
4.625703,4.544319
4.627459,4.545911
4.629215,4.543164
4.630970,4.540420
4.632726,4.521839
4.634481,4.544749
4.636237,4.535596
4.637992,4.540660
4.639748,4.531533
4.641504,4.495762
4.643259,4.491743
4.645015,4.479976
4.646770,4.491674
4.648526,4.497675
4.650282,4.515369
4.652037,4.506730
4.653793,4.507790
4.655548,4.507744
4.657304,4.509419
4.659060,4.506081
4.660815,4.500774
4.662571,4.494450
4.664326,4.467009
4.666082,4.486050
4.667837,4.492490
4.669593,4.500851
4.671349,4.496408
4.673104,4.495233
4.674860,4.509569
4.676615,4.509027
4.678371,4.488912
4.680127,4.498442
4.681882,4.495133
4.683638,4.485271
4.685393,4.476822
4.687149,4.470900
4.688904,4.484681
4.690660,4.497695
4.692416,4.497726
4.694171,4.497405
4.695927,4.504361
4.697682,4.506597
4.699438,4.511228
4.701194,4.509611
4.702949,4.483235
4.704705,4.470054
4.706460,4.448191
4.708216,4.438135
4.709971,4.442916
4.711727,4.462432
4.713483,4.388275
4.715238,4.422291
4.716994,4.426620
4.718749,4.436196
4.720505,4.443983
4.722261,4.454094
4.724016,4.456035
4.725772,4.459674
4.727527,4.463511
4.729283,4.456535
4.731039,4.455044
4.732794,4.439783
4.734550,4.453428
4.736305,4.451700
4.738061,4.454153
4.739816,4.459517
4.741572,4.451569
4.743328,4.458834
4.745083,4.459381
4.746839,4.456317
4.748594,4.448049
4.750350,4.466870
4.752106,4.453089
4.753861,4.462233
4.755617,4.457029
4.757372,4.447831
4.759128,4.453325
4.760883,4.464371
4.762639,4.467341
4.764395,4.439010
4.766150,4.452028
4.767906,4.446157
4.769661,4.448221
4.771417,4.444471
4.773173,4.427077
4.774928,4.431019
4.776684,4.437140
4.778439,4.442508
4.780195,4.389568
4.781951,4.371948
4.783706,4.375524
4.785462,4.382284
4.787217,4.381548
4.788973,4.394736
4.790728,4.401301
4.792484,4.388608
4.794240,4.399372
4.795995,4.397480
4.797751,4.390410
4.799506,4.408863
4.801262,4.375662
4.803018,4.369943
4.804773,4.365624
4.806529,4.377383
4.808284,4.391993
4.810040,4.392753
4.811795,4.401283
4.813551,4.407426
4.815307,4.416040
4.817062,4.411224
4.818818,4.415657
4.820573,4.419690
4.822329,4.355644
4.824085,4.382816
4.825840,4.373206
4.827596,4.380273
4.829351,4.377096
4.831107,4.375015
4.832863,4.389178
4.834618,4.399577
4.836374,4.378570
4.838129,4.381195
4.839885,4.388381
4.841640,4.371653
4.843396,4.368648
4.845152,4.374503
4.846907,4.360036
4.848663,4.376920
4.850418,4.392874
4.852174,4.355622
4.853930,4.366339
4.855685,4.381930
4.857441,4.385123
4.859196,4.373153
4.860952,4.386524
4.862707,4.388146
4.864463,4.380741
4.866219,4.368421
4.867974,4.359657
4.869730,4.359680
4.871485,4.371009
4.873241,4.363919
4.874997,4.369279
4.876752,4.379776
4.878508,4.362764
4.880263,4.373963
4.882019,4.368143
4.883775,4.369022
4.885530,4.369901
4.887286,4.282069
4.889041,4.285836
4.890797,4.292174
4.892552,4.299606
4.894308,4.297315
4.896064,4.308395
4.897819,4.321489
4.899575,4.332850
4.901330,4.317909
4.903086,4.330219
4.904842,4.318167
4.906597,4.316675
4.908353,4.318001
4.910108,4.320424
4.911864,4.322821
4.913619,4.317626
4.915375,4.330541
4.917131,4.338478
4.918886,4.321998
4.920642,4.289668
4.922397,4.296147
4.924153,4.304519
4.925909,4.306107
4.927664,4.307209
4.929420,4.322070
4.931175,4.325914
4.932931,4.323504
4.934687,4.334637
4.936442,4.327372
4.938198,4.325113
4.939953,4.331716
4.941709,4.331455
4.943464,4.303045
4.945220,4.307838
4.946976,4.311964
4.948731,4.317755
4.950487,4.325084
4.952242,4.312482
4.953998,4.304243
4.955754,4.300309
4.957509,4.313214
4.959265,4.276818
4.961020,4.286575
4.962776,4.296885
4.964531,4.256197
4.966287,4.274527
4.968043,4.287140
4.969798,4.292165
4.971554,4.279310
4.973309,4.279998
4.975065,4.257683
4.976821,4.268855
4.978576,4.278740
4.980332,4.290419
4.982087,4.282851
4.983843,4.270977
4.985599,4.274319
4.987354,4.282188
4.989110,4.279820
4.990865,4.264044
4.992621,4.253410
4.994376,4.231201
4.996132,4.227307
4.997888,4.237822
4.999643,4.232482
5.001399,4.228907
5.003154,4.232360
5.004910,4.221596
5.006666,4.235611
5.008421,4.236268
5.010177,4.241031
5.011932,4.224272
5.013688,4.217966
5.015443,4.227225
5.017199,4.228928
5.018955,4.216788
5.020710,4.209363
5.022466,4.223848
5.024221,4.226040
5.025977,4.229853
5.027733,4.240868
5.029488,4.225203
5.031244,4.211562
5.032999,4.222509
5.034755,4.232225
5.036511,4.215588
5.038266,4.234634
5.040022,4.220151
5.041777,4.217960
5.043533,4.225160
5.045288,4.216310
5.047044,4.215784
5.048800,4.212943
5.050555,4.193574
5.052311,4.209188
5.054066,4.209748
5.055822,4.214660
5.057578,4.215291
5.059333,4.211803
5.061089,4.215194
5.062844,4.212001
5.064600,4.210110
5.066355,4.198816
5.068111,4.204676
5.069867,4.213577
5.071622,4.189611
5.073378,4.180309
5.075133,4.177960
5.076889,4.176042
5.078645,4.174660
5.080400,4.187860
5.082156,4.176499
5.083911,4.184374
5.085667,4.138785
5.087423,4.151556
5.089178,4.141479
5.090934,4.158808
5.092689,4.154438
5.094445,4.163462
5.096200,4.160309
5.097956,4.160151
5.099712,4.153156
5.101467,4.154361
5.103223,4.150429
5.104978,4.145070
5.106734,4.154205
5.108490,4.140376
5.110245,4.157454
5.112001,4.164599
5.113756,4.146444
5.115512,4.122002
5.117267,4.112623
5.119023,4.115669
5.120779,4.070451
5.122534,4.077552
5.124290,4.087923
5.126045,4.090307
5.127801,4.111332
5.129557,4.116708
5.131312,4.122960
5.133068,4.115282
5.134823,4.108379
5.136579,4.097007
5.138334,4.094613
5.140090,4.099646
5.141846,4.115311
5.143601,4.115592
5.145357,4.115382
5.147112,4.102967
5.148868,4.119151
5.150624,4.127692
5.152379,4.119634
5.154135,4.130630
5.155890,4.141598
5.157646,4.136002
5.159402,4.110209
5.161157,4.106399
5.162913,4.120810
5.164668,4.132401
5.166424,4.125896
5.168179,4.123464
5.169935,4.114745
5.171691,4.117918
5.173446,4.118512
5.175202,4.120858
5.176957,4.117341
5.178713,4.106712
5.180469,4.113112
5.182224,4.108546
5.183980,4.114773
5.185735,4.095719
5.187491,4.100956
5.189246,4.107591
5.191002,4.113279
5.192758,4.092011
5.194513,4.101552
5.196269,4.102162
5.198024,4.088361
5.199780,4.087250
5.201536,4.112278
5.203291,4.096406
5.205047,4.100264
5.206802,4.102657
5.208558,4.063527
5.210314,4.081028
5.212069,4.091103
5.213825,4.070790
5.215580,4.056253
5.217336,4.067298
5.219091,4.087679
5.220847,4.096415
5.222603,4.084621
5.224358,4.084870
5.226114,4.077337
5.227869,4.078011
5.229625,4.072775
5.231381,4.063441
5.233136,4.076683
5.234892,4.069903
5.236647,4.080122
5.238403,4.075766
5.240158,4.062138
5.241914,4.042962
5.243670,4.031366
5.245425,4.043414
5.247181,4.060041
5.248936,4.051495
5.250692,4.059233
5.252448,4.064250
5.254203,4.056339
5.255959,4.049069
5.257714,4.039326
5.259470,4.024186
5.261226,4.037583
5.262981,4.044078
5.264737,4.038562
5.266492,4.032587
5.268248,4.046907
5.270003,4.043775
5.271759,4.042192
5.273515,4.048494
5.275270,4.045144
5.277026,4.047356
5.278781,4.049785
5.280537,4.018350
5.282293,4.038184
5.284048,4.046983
5.285804,4.049178
5.287559,4.047457
5.289315,4.052225
5.291070,4.040772
5.292826,4.036114
5.294582,4.019432
5.296337,4.004322
5.298093,4.024522
5.299848,4.009190
5.301604,4.023269
5.303360,4.036169
5.305115,4.000536
5.306871,4.014369
5.308626,4.024885
5.310382,4.041448
5.312138,4.042326
5.313893,4.042525
5.315649,3.998117
5.317404,4.012895
5.319160,4.018913
5.320915,4.022029
5.322671,4.008931
5.324427,3.995271
5.326182,4.001535
5.327938,4.004484
5.329693,4.018571
5.331449,4.017743
5.333205,4.012424
5.334960,4.013328
5.336716,4.008824
5.338471,4.010212
5.340227,4.017158
5.341982,4.017178
5.343738,4.023986
5.345494,4.013668
5.347249,4.015933
5.349005,4.018764
5.350760,4.001791
5.352516,4.003115
5.354272,4.013755
5.356027,4.018639
5.357783,4.019819
5.359538,4.012683
5.361294,4.002973
5.363050,3.991988
5.364805,3.994783
5.366561,3.971428
5.368316,3.970337
5.370072,3.983544
5.371827,3.986838
5.373583,3.999064
5.375339,3.986473
5.377094,3.969646
5.378850,3.989238
5.380605,3.994427
5.382361,3.994491
5.384117,3.976570
5.385872,3.985558
5.387628,3.996068
5.389383,3.972257
5.391139,3.969215
5.392894,3.978158
5.394650,3.972836
5.396406,3.983600
5.398161,3.977017
5.399917,3.979225
5.401672,3.988027
5.403428,3.984906
5.405184,3.982972
5.406939,3.978763
5.408695,3.993261
5.410450,3.980649
5.412206,3.979958
5.413962,3.974728
5.415717,3.966284
5.417473,3.974273
5.419228,3.983558
5.420984,3.985168
5.422739,3.982849
5.424495,3.991322
5.426251,3.973821
5.428006,3.974051
5.429762,3.976726
5.431517,3.941258
5.433273,3.919527
5.435029,3.924899
5.436784,3.927219
5.438540,3.928128
5.440295,3.919399
5.442051,3.921624
5.443806,3.928403
5.445562,3.937940
5.447318,3.916690
5.449073,3.927813
5.450829,3.904909
5.452584,3.906280
5.454340,3.917154
5.456096,3.910467
5.457851,3.908289
5.459607,3.916012
5.461362,3.918452
5.463118,3.929364
5.464874,3.944057
5.466629,3.942081
5.468385,3.943589
5.470140,3.905907
5.471896,3.926170
5.473651,3.912419
5.475407,3.918942
5.477163,3.924123
5.478918,3.899078
5.480674,3.919925
5.482429,3.932549
5.484185,3.928479
5.485941,3.898231
5.487696,3.913906
5.489452,3.912541
5.491207,3.904117
5.492963,3.912989
5.494718,3.918664
5.496474,3.909586
5.498230,3.913080
5.499985,3.899946
5.501741,3.876469
5.503496,3.892280
5.505252,3.887025
5.507008,3.898148
5.508763,3.895348
5.510519,3.898340
5.512274,3.901424
5.514030,3.891911
5.515786,3.896860
5.517541,3.903786
5.519297,3.901542
5.521052,3.898865
5.522808,3.901025
5.524563,3.903557
5.526319,3.906811
5.528075,3.914509
5.529830,3.914188
5.531586,3.879897
5.533341,3.876778
5.535097,3.871035
5.536853,3.868399
5.538608,3.878405
5.540364,3.890009
5.542119,3.882755
5.543875,3.888237
5.545630,3.879209
5.547386,3.877225
5.549142,3.883630
5.550897,3.888937
5.552653,3.895581
5.554408,3.875115
5.556164,3.876537
5.557920,3.878676
5.559675,3.887654
5.561431,3.869341
5.563186,3.879130
5.564942,3.886349
5.566697,3.868005
5.568453,3.878251
5.570209,3.882183
5.571964,3.886206
5.573720,3.886864
5.575475,3.875186
5.577231,3.881304
5.578987,3.881283
5.580742,3.878630
5.582498,3.875039
5.584253,3.874254
5.586009,3.865068
5.587765,3.858532
5.589520,3.877522
5.591276,3.873057
5.593031,3.876781
5.594787,3.867788
5.596542,3.862999
5.598298,3.874477
5.600054,3.868967
5.601809,3.873286
5.603565,3.856844
5.605320,3.863467
5.607076,3.859523
5.608832,3.866201
5.610587,3.832741
5.612343,3.847328
5.614098,3.859010
5.615854,3.835265
5.617609,3.847169
5.619365,3.819181
5.621121,3.810592
5.622876,3.810724
5.624632,3.807783
5.626387,3.809484
5.628143,3.819703
5.629899,3.831017
5.631654,3.828122
5.633410,3.836665
5.635165,3.811227
5.636921,3.809703
5.638677,3.803706
5.640432,3.817558
5.642188,3.820845
5.643943,3.812800
5.645699,3.824417
5.647454,3.831092
5.649210,3.825350
5.650966,3.818555
5.652721,3.810286
5.654477,3.798796
5.656232,3.792628
5.657988,3.800330
5.659744,3.813939
5.661499,3.801811
5.663255,3.814322
5.665010,3.824281
5.666766,3.820623
5.668521,3.817571
5.670277,3.811972
5.672033,3.817132
5.673788,3.814448
5.675544,3.808915
5.677299,3.804918
5.679055,3.811275
5.680811,3.798763
5.682566,3.810339
5.684322,3.799701
5.686077,3.806308
5.687833,3.806737
5.689589,3.799663
5.691344,3.769140
5.693100,3.779505
5.694855,3.780879
5.696611,3.780966
5.698366,3.785469
5.700122,3.763458
5.701878,3.758355
5.703633,3.759362
5.705389,3.782313
5.707144,3.777864
5.708900,3.780094
5.710656,3.784906
5.712411,3.785259
5.714167,3.788933
5.715922,3.796284
5.717678,3.778763
5.719433,3.782995
5.721189,3.769229
5.722945,3.764137
5.724700,3.775442
5.726456,3.778304
5.728211,3.783404
5.729967,3.788983
5.731723,3.777195
5.733478,3.768630
5.735234,3.768289
5.736989,3.780481
5.738745,3.770806
5.740501,3.755857
5.742256,3.767114
5.744012,3.770825
5.745767,3.768332
5.747523,3.763137
5.749278,3.757566
5.751034,3.765035
5.752790,3.776956
5.754545,3.766244
5.756301,3.772804
5.758056,3.767455
5.759812,3.770975
5.761568,3.766904
5.763323,3.748077
5.765079,3.744966
5.766834,3.743875
5.768590,3.741638
5.770345,3.744015
5.772101,3.753152
5.773857,3.760532
5.775612,3.753839
5.777368,3.758863
5.779123,3.740065
5.780879,3.715611
5.782635,3.693183
5.784390,3.693641
5.786146,3.710873
5.787901,3.723009
5.789657,3.737892
5.791413,3.733405
5.793168,3.720956
5.794924,3.728206
5.796679,3.744372
5.798435,3.698931
5.800190,3.708520
5.801946,3.709581
5.803702,3.716062
5.805457,3.711675
5.807213,3.726688
5.808968,3.732369
5.810724,3.739457
5.812480,3.739539
5.814235,3.706210
5.815991,3.703466
5.817746,3.713406
5.819502,3.713469
5.821257,3.716885
5.823013,3.719798
5.824769,3.717510
5.826524,3.723841
5.828280,3.724116
5.830035,3.703504
5.831791,3.704114
5.833547,3.698006
5.835302,3.701758
5.837058,3.705489
5.838813,3.704033
5.840569,3.704447
5.842325,3.710248
5.844080,3.721767
5.845836,3.677579
5.847591,3.686766
5.849347,3.694477
5.851102,3.690979
5.852858,3.690465
5.854614,3.703543
5.856369,3.713544
5.858125,3.710629
5.859880,3.724280
5.861636,3.718698
5.863392,3.705840
5.865147,3.707121
5.866903,3.710594
5.868658,3.703735
5.870414,3.694393
5.872169,3.712359
5.873925,3.704933
5.875681,3.710138
5.877436,3.691695
5.879192,3.689280
5.880947,3.693177
5.882703,3.678256
5.884459,3.681083
5.886214,3.683691
5.887970,3.679621
5.889725,3.684849
5.891481,3.695535
5.893237,3.682754
5.894992,3.679676
5.896748,3.690643
5.898503,3.685108
5.900259,3.684205
5.902014,3.699346
5.903770,3.704543
5.905526,3.689768
5.907281,3.685948
5.909037,3.698168
5.910792,3.680763
5.912548,3.673669
5.914304,3.676492
5.916059,3.679662
5.917815,3.680695
5.919570,3.692836
5.921326,3.699495
5.923081,3.688329
5.924837,3.685101
5.926593,3.696624
5.928348,3.697354
5.930104,3.674538
5.931859,3.681365
5.933615,3.679367
5.935371,3.686404
5.937126,3.683697
5.938882,3.687867
5.940637,3.643261
5.942393,3.645788
5.944149,3.654514
5.945904,3.649797
5.947660,3.657036
5.949415,3.663848
5.951171,3.679939
5.952926,3.661319
5.954682,3.676350
5.956438,3.654490
5.958193,3.628743
5.959949,3.626100
5.961704,3.635810
5.963460,3.652259
5.965216,3.657910
5.966971,3.662744
5.968727,3.648464
5.970482,3.638164
5.972238,3.639763
5.973993,3.645380
5.975749,3.652500
5.977505,3.655126
5.979260,3.646315
5.981016,3.649533
5.982771,3.663086
5.984527,3.666010
5.986283,3.660655
5.988038,3.659784
5.989794,3.656814
5.991549,3.654789
5.993305,3.652568
5.995060,3.648835
5.996816,3.659700
5.998572,3.666579
6.000327,3.663042
6.002083,3.658680
6.003838,3.625639
6.005594,3.640602
6.007350,3.631604
6.009105,3.636946
6.010861,3.643584
6.012616,3.654154
6.014372,3.637626
6.016128,3.650717
6.017883,3.648581
6.019639,3.641471
6.021394,3.649656
6.023150,3.637205
