LVDT,,Force
0,,0
0,,0.02180385
0.00034191,,0.00726795
0.00034191,,-0.00726795
0.00022794,,-0.0145359
0.00034191,,-0.0145359
0.00034191,,-0.00726795
0.00045588,,0.00726795
0.00022794,,0.00726795
0.00011397,,0.0290718
0,,0.0290718
0.00034191,,0.0581436
0.00022794,,0.0581436
-0.00011397,,0.07510215
0,,0.0823701
0.00011397,,0.0823701
0,,0.08963805
0.00011397,,0.10417395
0.00045588,,0.11870985
0.00034191,,0.1405137
0.00045588,,0.1550496
0.00091176,,0.1550496
0.00068382,,0.1695855
0.00056985,,0.1550496
0.00045588,,0.1841214
0.00011397,,0.1986573
0.00022794,,0.20592525
0.00022794,,0.24468765
0.00011397,,0.27375945
0.00022794,,0.2664915
0.00056985,,0.28829535
0.00068382,,0.3100992
0.00079779,,0.33190305
0.00117769,,0.34643895
0.00091176,,0.3779334
0.00091176,,0.3779334
0.00079779,,0.4215411
0.00091176,,0.4070052
0.00091176,,0.4215411
0.00140563,,0.436077
0.00163357,,0.4506129
0.00163357,,0.48695265
0.0015196,,0.47241675
0.00140563,,0.51117915
0.00117769,,0.54025095
0.00117769,,0.5475189
0.00117769,,0.5620548
0.0015196,,0.5620548
0.00163357,,0.5765907
0.0015196,,0.58385865
0.00117769,,0.5765907
0.00129166,,0.6056625
0.00102573,,0.6201984
0.00129166,,0.65169285
0.00129166,,0.6589608
0.00102573,,0.6347343
0.00102573,,0.62746635
0.00140563,,0.6589608
0.00117769,,0.65169285
0.00117769,,0.66622875
0.00102573,,0.7171044
0.00117769,,0.70983645
0.00117769,,0.7171044
0.00129166,,0.7025685
0.0015196,,0.7025685
0.00140563,,0.70983645
0.0015196,,0.6880326
0.00186151,,0.7025685
0.00208945,,0.7316403
0.00220342,,0.70983645
0.00197548,,0.72437235
0.00197548,,0.7316403
0.00197548,,0.7171044
0.00197548,,0.72437235
0.00220342,,0.69530055
0.00186151,,0.6347343
0.00208945,,0.6347343
0.00220342,,0.6347343
0.00231739,,0.62746635
0.00231739,,0.6444249
0.00231739,,0.66622875
0.00243136,,0.6444249
0.00243136,,0.6734967
0.00220342,,0.6347343
0.00231739,,0.6734967
0.00231739,,0.6734967
0.00220342,,0.6734967
0.00197548,,0.66622875
0.00174754,,0.6589608
0.00174754,,0.68076465
0.00186151,,0.66622875
0.00186151,,0.66622875
0.00163357,,0.68076465
0.00163357,,0.7171044
0.00174754,,0.7171044
0.00163357,,0.7316403
0.00140563,,0.70983645
0.00163357,,0.7171044
0.00163357,,0.7025685
0.00163357,,0.72437235
0.00186151,,0.7171044
0.00163357,,0.72437235
0.00186151,,0.72437235
0.00186151,,0.7316403
0.00174754,,0.72437235
0.00197548,,0.70983645
0.00220342,,0.7025685
0.00186151,,0.68076465
0.00197548,,0.68076465
0.00231739,,0.69530055
0.00208945,,0.7025685
0.00208945,,0.7171044
0.00220342,,0.7171044
0.00243136,,0.70983645
0.00243136,,0.72437235
0.00243136,,0.7025685
0.00231739,,0.7171044
0.00208945,,0.7316403
0.00220342,,0.70983645
0.00220342,,0.72437235
0.00208945,,0.7171044
0.00220342,,0.7025685
0.00220342,,0.7025685
0.00186151,,0.70983645
0.00186151,,0.7025685
0.00186151,,0.70983645
0.00197548,,0.6880326
0.00186151,,0.70983645
0.00197548,,0.72437235
0.00186151,,0.70983645
0.00208945,,0.7171044
0.00231739,,0.6880326
0.00231739,,0.68076465
0.00231739,,0.7025685
0.00231739,,0.68076465
0.00197548,,0.70983645
0.00220342,,0.6880326
0.00208945,,0.68076465
0.00231739,,0.7025685
0.00220342,,0.7025685
0.00220342,,0.7171044
0.00208945,,0.7316403
0.00243136,,0.72437235
0.0026593,,0.72437235
0.00254533,,0.7171044
0.00254533,,0.7171044
0.00254533,,0.7171044
0.00254533,,0.6734967
0.00231739,,0.6734967
0.00231739,,0.68076465
0.00197548,,0.68076465
0.00174754,,0.6734967
0.00163357,,0.66622875
0.00174754,,0.6589608
0.00197548,,0.66622875
0.00197548,,0.68076465
0.00208945,,0.65169285
0.00186151,,0.68076465
0.00220342,,0.69530055
0.00197548,,0.68076465
0.00186151,,0.6734967
0.00220342,,0.6734967
0.00220342,,0.66622875
0.00243136,,0.6444249
0.00277327,,0.68076465
0.00300121,,0.6880326
0.00277327,,0.6734967
0.00254533,,0.68076465
0.00277327,,0.6880326
0.00277327,,0.70983645
0.00277327,,0.70983645
0.00277327,,0.70983645
0.00300121,,0.7171044
0.00300121,,0.70983645
0.00300121,,0.7171044
0.00300121,,0.69530055
0.00311518,,0.69530055
0.00322915,,0.69530055
0.00300121,,0.6880326
0.00254533,,0.7171044
0.00243136,,0.70983645
0.00220342,,0.69530055
0.00220342,,0.6880326
0.00220342,,0.66622875
0.00231739,,0.6589608
0.00231739,,0.6444249
0.00243136,,0.6444249
0.00208945,,0.6201984
0.00208945,,0.6347343
0.00220342,,0.6589608
0.00208945,,0.6347343
0.00220342,,0.6444249
0.00231739,,0.62746635
0.0026593,,0.62746635
0.00277327,,0.6444249
0.00277327,,0.6347343
0.00254533,,0.65169285
0.00254533,,0.6734967
0.00243136,,0.65169285
0.00243136,,0.66622875
0.00254533,,0.6880326
0.00243136,,0.6880326
0.00231739,,0.69530055
0.0026593,,0.7171044
0.00288724,,0.70983645
0.00288724,,0.7171044
0.00277327,,0.7171044
0.00254533,,0.7316403
0.00254533,,0.72437235
0.00243136,,0.70983645
0.00243136,,0.7171044
0.0026593,,0.73890825
0.00243136,,0.7316403
0.00254533,,0.7607121
0.00254533,,0.75344415
0.00254533,,0.7461762
0.00254533,,0.7461762
0.00277327,,0.72437235
0.00300121,,0.73890825
0.00311518,,0.75344415
0.00288724,,0.7607121
0.00300121,,0.78251595
0.00288724,,0.75344415
0.00300121,,0.76798005
0.00300121,,0.76798005
0.00322915,,0.75344415
0.00322915,,0.76798005
0.00300121,,0.76798005
0.00288724,,0.775248
0.00288724,,0.775248
0.00288724,,0.7607121
0.00300121,,0.775248
0.00338111,,0.76798005
0.00338111,,0.76798005
0.00311518,,0.7994745
0.00254533,,0.79220655
0.00243136,,0.7994745
0.0026593,,0.7994745
0.00254533,,0.8140104
0.00277327,,0.7994745
0.0026593,,0.80674245
0.0026593,,0.82127835
0.00277327,,0.8285463
0.00254533,,0.82127835
0.00254533,,0.82127835
0.0026593,,0.8285463
0.00288724,,0.82127835
0.00288724,,0.80674245
0.00322915,,0.83581425
0.00322915,,0.8140104
0.00311518,,0.83581425
0.00322915,,0.83581425
0.00338111,,0.8576181
0.00349508,,0.85035015
0.00322915,,0.86488605
0.00338111,,0.8866899
0.00311518,,0.89395785
0.00349508,,0.9157617
0.00360905,,0.92302965
0.00360905,,0.94725615
0.00360905,,0.96179205
0.00372302,,0.96179205
0.00372302,,0.9835959
0.00360905,,0.97632795
0.00360905,,0.9835959
0.00349508,,0.9981318
0.00322915,,0.9981318
0.00300121,,0.99086385
0.00300121,,0.9835959
0.00288724,,0.99086385
0.00300121,,1.00539975
0.00311518,,1.01993565
0.00322915,,1.0126677
0.00349508,,1.01993565
0.00349508,,1.01993565
0.00372302,,1.03447155
0.00372302,,1.0417395
0.00395096,,1.03447155
0.00429287,,1.0417395
0.00429287,,1.0417395
0.0041789,,1.04900745
0.00406493,,1.0417395
0.00406493,,1.07323395
0.00383699,,1.07323395
0.0041789,,1.0805019
0.00463478,,1.10230575
0.00440684,,1.10230575
0.00406493,,1.11684165
0.00406493,,1.1241096
0.00395096,,1.1095737
0.00395096,,1.1241096
0.00383699,,1.14591345
0.00383699,,1.1386455
0.00395096,,1.14591345
0.00406493,,1.1531814
0.00372302,,1.1677173
0.00360905,,1.1822532
0.00360905,,1.1822532
0.00395096,,1.1822532
0.00360905,,1.17498525
0.00372302,,1.1967891
0.00395096,,1.211325
0.0041789,,1.20405705
0.0041789,,1.211325
0.0041789,,1.2355515
0.00406493,,1.24281945
0.00406493,,1.2500874
0.0041789,,1.27189125
0.00440684,,1.25735535
0.00429287,,1.24281945
0.00429287,,1.2646233
0.00406493,,1.27189125
0.00406493,,1.28642715
0.00406493,,1.30096305
0.0041789,,1.308231
0.00429287,,1.34457075
0.00440684,,1.31549895
0.0041789,,1.3227669
0.00429287,,1.3373028
0.00452081,,1.36879725
0.00429287,,1.3906011
0.0041789,,1.39786905
0.00395096,,1.39786905
0.00440684,,1.42694085
0.0041789,,1.39786905
0.00452081,,1.41240495
0.00474875,,1.41240495
0.00452081,,1.4196729
0.00440684,,1.4487447
0.00463478,,1.44147675
0.00452081,,1.4487447
0.00452081,,1.47054855
0.00463478,,1.4632806
0.00463478,,1.4923524
0.00474875,,1.50931095
0.00474875,,1.5165789
0.00486272,,1.5311148
0.00486272,,1.5311148
0.00474875,,1.5747225
0.00497669,,1.5892584
0.00497669,,1.6183302
0.00509066,,1.59652635
0.0053186,,1.6183302
0.00543257,,1.6183302
0.00554654,,1.6570926
0.00543257,,1.6570926
0.00554654,,1.6861644
0.0056985,,1.7007003
0.00554654,,1.7152362
0.0056985,,1.7297721
0.00554654,,1.7588439
0.00543257,,1.76611185
0.00554654,,1.76611185
0.00543257,,1.7733798
0.00592644,,1.7976063
0.00554654,,1.7976063
0.00554654,,1.80487425
0.0056985,,1.841214
0.00592644,,1.83394605
0.00592644,,1.8266781
0.00581247,,1.86301785
0.00554654,,1.87755375
0.0056985,,1.8848217
0.00592644,,1.8993576
0.00604041,,1.92116145
0.00615438,,1.94538795
0.00626835,,1.9526559
0.00626835,,1.95992385
0.00638232,,1.9671918
0.00638232,,1.97445975
0.00649629,,1.98899565
0.00649629,,1.98899565
0.00661026,,2.0107995
0.00672423,,2.00353155
0.00672423,,1.98899565
0.0068382,,2.04713925
0.00649629,,2.03260335
0.00626835,,2.0398713
0.00661026,,2.04713925
0.00649629,,2.0544072
0.00638232,,2.06167515
0.0068382,,2.10043755
0.00649629,,2.08590165
0.00661026,,2.0931696
0.00649629,,2.10043755
0.00661026,,2.08590165
0.00649629,,2.1077055
0.00661026,,2.10043755
0.00672423,,2.08590165
0.00661026,,2.08590165
0.00661026,,2.08590165
0.0068382,,2.08590165
0.00695217,,2.0786337
0.00706614,,2.1077055
0.00695217,,2.11497345
0.00718011,,2.1222414
0.00706614,,2.11497345
0.00729408,,2.10043755
0.00729408,,2.1367773
0.00763599,,2.14404525
0.00740805,,2.1513132
0.00695217,,2.1658491
0.00729408,,2.15858115
0.00752202,,2.180385
0.00729408,,2.18765295
0.00718011,,2.20218885
0.00740805,,2.2191474
0.00790192,,2.22641535
0.00763599,,2.2482192
0.00774996,,2.2336833
0.00774996,,2.25548715
0.00801589,,2.277291
0.00801589,,2.27002305
0.00790192,,2.28455895
0.00774996,,2.29909485
0.00763599,,2.2918269
0.00729408,,2.2918269
0.00706614,,2.3063628
0.00718011,,2.3063628
0.00729408,,2.32816665
0.00695217,,2.3208987
0.00718011,,2.3208987
0.00740805,,2.31363075
0.00763599,,2.32816665
0.00752202,,2.31363075
0.00752202,,2.32816665
0.00752202,,2.3596611
0.00774996,,2.34270255
0.00790192,,2.3499705
0.00763599,,2.38146495
0.00774996,,2.374197
0.00752202,,2.374197
0.00729408,,2.39600085
0.00790192,,2.4032688
0.00763599,,2.4178047
0.00763599,,2.43960855
0.00790192,,2.42507265
0.00824383,,2.4468765
0.00790192,,2.45414445
0.00812986,,2.48321625
0.00801589,,2.4904842
0.00790192,,2.48321625
0.00812986,,2.50744275
0.00801589,,2.52197865
0.00801589,,2.5292466
0.00812986,,2.53651455
0.00824383,,2.50744275
0.0083578,,2.5147107
0.0083578,,2.52197865
0.00858574,,2.48321625
0.00881368,,2.4178047
0.00869971,,2.4032688
0.00869971,,2.3354346
0.00869971,,2.34270255
0.00869971,,2.32816665
0.00881368,,2.32816665
0.00869971,,2.3596611
0.00892765,,2.2918269
0.00904162,,2.2482192
0.00904162,,2.2482192
0.00892765,,2.27002305
0.00904162,,2.27002305
0.00904162,,2.2918269
0.00892765,,2.31363075
0.00858574,,2.3063628
0.00824383,,2.3208987
0.00824383,,2.32816665
0.00847177,,2.36692905
0.00847177,,2.3887329
0.00847177,,2.39600085
0.00858574,,2.41053675
0.00824383,,2.46868035
0.00812986,,2.4468765
0.0083578,,2.46868035
0.00869971,,2.48321625
0.00847177,,2.4759483
0.0083578,,2.5437825
0.00847177,,2.55105045
0.00869971,,2.5583184
0.00892765,,2.5873902
0.00904162,,2.63826585
0.00904162,,2.63826585
0.00892765,,2.66249235
0.00904162,,2.6988321
0.00926956,,2.69156415
0.00926956,,2.7715116
0.00938353,,2.7569757
0.00961147,,2.81754195
0.00961147,,2.83207785
0.01010534,,2.83207785
0.01021931,,2.8829535
0.01033328,,2.87568555
0.00995338,,2.9120253
0.01010534,,2.9362518
0.01021931,,2.91929325
0.01033328,,2.97259155
0.01033328,,2.9798595
0.01044725,,3.0089313
0.01044725,,3.0380031
0.01056122,,3.04527105
0.01044725,,3.09856935
0.01056122,,3.11310525
0.01056122,,3.1203732
0.01067519,,3.14217705
0.01113107,,3.1349091
0.01124504,,3.1639809
0.01124504,,3.15671295
0.01147298,,3.1639809
0.01158695,,3.1639809
0.01147298,,3.20032065
0.01170092,,3.22454715
0.01192886,,3.2318151
0.0121568,,3.2899587
0.01204283,,3.31176255
0.01192886,,3.3190305
0.01181489,,3.37959675
0.01158695,,3.4159365
0.01192886,,3.4159365
0.01192886,,3.4304724
0.01170092,,3.42320445
0.01192886,,3.46681215
0.01192886,,3.4740801
0.01204283,,3.50557455
0.0121568,,3.5273784
0.01276464,,3.54918225
0.01299258,,3.6000579
0.01287861,,3.585522
0.01287861,,3.6533562
0.01265067,,3.67516005
0.01299258,,3.6533562
0.01333449,,3.71876775
0.01310655,,3.7260357
0.01344846,,3.74783955
0.01333449,,3.73330365
0.01333449,,3.7841793
0.01333449,,3.83020965
0.0136764,,3.8229417
0.01436022,,3.8520135
0.01447419,,3.8665494
0.01462615,,3.8956212
0.01436022,,3.95618745
0.01436022,,3.9634554
0.01485409,,4.0070631
0.01496806,,3.9925272
0.01474012,,4.01433105
0.01474012,,4.04340285
0.01485409,,4.0894332
0.01474012,,4.08216525
0.01474012,,4.14030885
0.01474012,,4.16938065
0.01485409,,4.15484475
0.01496806,,4.22267895
0.01508203,,4.2444828
0.01553791,,4.22267895
0.01542394,,4.26628665
0.01530997,,4.28082255
0.01576585,,4.29535845
0.01587982,,4.3316982
0.01576585,,4.35350205
0.01587982,,4.35350205
0.01610776,,4.4140683
0.01682957,,4.40680035
0.01667761,,4.457676
0.01694354,,4.4867478
0.01728545,,4.49401575
0.01751339,,4.5400461
0.01774133,,4.54731405
0.0178553,,4.5691179
0.01774133,,4.60545765
0.01762736,,4.61999355
0.01762736,,4.6805598
0.01808324,,4.651488
0.0178553,,4.7096316
0.01808324,,4.74597135
0.01819721,,4.73143545
0.01819721,,4.7532393
0.01842515,,4.82834145
0.01876706,,4.8065376
0.01876706,,4.8210735
0.01888103,,4.84287735
0.01926093,,4.8792171
0.01960284,,4.88648505
0.01971681,,4.93978335
0.01983078,,4.9615872
0.02005872,,4.9615872
0.02017269,,4.98339105
0.02040063,,4.990659
0.02028666,,4.96885515
0.02074254,,4.95431925
0.02062857,,4.9761231
0.02108445,,4.9761231
0.02119842,,4.98339105
0.02135038,,5.01246285
0.02135038,,5.0051949
0.02135038,,5.0197308
0.02135038,,4.98339105
0.02157832,,4.98339105
0.02157832,,4.93978335
0.02157832,,4.56184995
0.02146435,,4.0894332
0.02108445,,4.1039691
0.02097048,,4.09670115
0.02108445,,4.15484475
0.02119842,,4.118505
0.02108445,,4.14030885
0.02135038,,4.1621127
0.02135038,,4.1621127
0.02135038,,4.1911845
0.02108445,,4.2444828
0.02119842,,4.2590187
0.02157832,,4.32443025
0.02157832,,4.35350205
0.02157832,,4.35350205
0.02169229,,4.45040805
0.02192023,,4.45040805
0.02214817,,4.4722119
0.02180626,,4.5400461
0.02192023,,4.5400461
0.02180626,,4.6127256
0.02169229,,4.60545765
0.02169229,,4.6660239
0.02169229,,4.73143545
0.02192023,,4.7387034
0.02157832,,4.81380555
0.02180626,,4.7677752
0.02169229,,4.8501453
0.02157832,,4.88648505
0.02180626,,4.9082889
0.0220342,,4.9761231
0.0220342,,4.9761231
0.0220342,,5.02699875
0.02249008,,5.0197308
0.02260405,,5.087565
0.02294596,,5.0730291
0.0231739,,5.16751245
0.02340184,,5.16751245
0.02389571,,5.18204835
0.02378174,,5.26441845
0.02423762,,5.24988255
0.02446556,,5.3007582
0.02492144,,5.27895435
0.02537732,,5.35163385
0.02587119,,5.37586035
0.0262131,,5.4122001
0.0262131,,5.41946805
0.02666898,,5.4703437
0.02678295,,5.49214755
0.0273528,,5.51637405
0.02746677,,5.54544585
0.02818858,,5.55998175
0.02841652,,5.60358945
0.02898637,,5.58905355
0.02944225,,5.63266125
0.03012607,,5.65688775
0.03050597,,5.68595955
0.03130376,,5.7222993
0.03175964,,5.68595955
0.03221552,,5.7513711
0.03259542,,5.765907
0.03339321,,5.79740145
0.03430497,,5.81193735
0.03491281,,5.82647325
0.03593854,,5.8773489
0.03650839,,5.81193735
0.0372302,,5.87008095
0.0383699,,5.91368865
0.03882578,,5.89915275
0.04000347,,5.93791515
0.04057332,,5.9209566
0.04197895,,5.959719
0.04243483,,5.96698695
0.04395443,,5.9887908
0.04475222,,5.96698695
0.04615785,,5.95245105
0.04809534,,6.0033267
0.04904509,,5.9887908
0.05113454,,5.99605875
0.05261615,,5.9742549
0.0550855,,5.959719
0.05633917,,5.9451831
0.05854259,,5.93791515
0.05960631,,5.93791515
0.06108792,,5.95245105
0.06329134,,5.9451831
0.06412712,,5.9306472
0.06655848,,5.95245105
0.06769818,,5.91368865
0.06944572,,5.95245105
0.07176311,,5.9306472
0.07305477,,5.9209566
0.07537216,,5.93791515
0.07662583,,5.91368865
0.07894322,,5.9064207
0.0809187,,5.8918848
0.08255227,,5.8773489
0.08555348,,5.8773489
0.08718705,,5.8192053
0.08984635,,5.8046694
0.09216374,,5.79740145
0.09402525,,5.7513711
0.09691249,,5.7513711
0.09820415,,5.68595955
0.10109139,,5.7222993
0.10306687,,5.68595955
0.10458647,,5.6641557
0.10747371,,5.65688775
0.10956316,,5.63266125
0.11165261,,5.60358945
0.11476779,,5.60358945
0.11617342,,5.523642
0.11883272,,5.53090995
0.12126408,,5.53090995
0.12335353,,5.51637405
0.12601283,,5.5091061
0.12753243,,5.47761165
0.12927997,,5.4848796
0.13193927,,5.4703437
0.13402872,,5.46307575
0.13539636,,5.4558078
0.13797968,,5.47761165
0.13991717,,5.43400395
0.14143677,,5.46307575
0.14421004,,5.46307575
0.1455017,,5.4412719
0.14804703,,5.44853985
0.14922472,,5.3976642
0.15116221,,5.4412719
0.15245387,,5.4412719
0.15454332,,5.44853985
0.15663277,,5.4558078
0.15815237,,5.43400395
0.16035579,,5.44853985
0.16160946,,5.43400395
0.16426876,,5.46307575
0.16567439,,5.4412719
0.16787781,,5.4558078
0.16996726,,5.44853985
0.17110696,,5.43400395
0.17353832,,5.46307575
0.17471601,,5.46307575
0.17669149,,5.49214755
0.17843903,,5.47761165
0.1796927,,5.46307575
0.18212406,,5.4848796
0.18341572,,5.4703437
0.18493532,,5.49214755
0.18607502,,5.4848796
0.18782256,,5.50183815
0.1895701,,5.54544585
0.19048186,,5.523642
0.19279925,,5.54544585
0.19371101,,5.53090995
0.19591443,,5.57451765
0.19743403,,5.5817856
0.19883966,,5.5817856
0.20104308,,5.60358945
0.20184087,,5.60358945
0.20415826,,5.61812535
0.20499404,,5.6253933
0.2074254,,5.65688775
0.20867907,,5.6496198
0.20985676,,5.6496198
0.21206018,,5.6786916
0.21297194,,5.6641557
0.21483345,,5.7077634
0.21563124,,5.68595955
0.21794863,,5.71503135
0.21981014,,5.70049545
0.22121577,,5.70049545
0.22398904,,5.74410315
0.2249008,,5.7077634
0.22771206,,5.75863905
0.22850985,,5.74410315
0.2305993,,5.72956725
0.23189096,,5.74410315
0.23360051,,5.75863905
0.23523408,,5.77317495
0.23614584,,5.7804429
0.2389571,,5.81193735
0.23998283,,5.7901335
0.24252816,,5.82647325
0.24370585,,5.81193735
0.24556736,,5.82647325
0.24777078,,5.8482771
0.24891048,,5.82647325
0.25077199,,5.8192053
0.25308938,,5.8337412
0.25449501,,5.8482771
0.25574868,,5.8482771
0.25840798,,5.8773489
0.2594717,,5.85554505
0.26224497,,5.85554505
0.26315673,,5.8482771
0.26585402,,5.88461685
0.26665181,,5.862813
0.2689692,,5.8773489
0.27060277,,5.8773489
0.27292016,,5.88461685
0.27489564,,5.91368865
0.27626328,,5.93791515
0.27918851,,5.9451831
0.28032821,,5.91368865
0.28298751,,5.9209566
0.28393726,,5.9306472
0.28636862,,5.96698695
0.28728038,,5.95245105
0.29054752,,5.91368865
0.29286491,,5.9306472
0.2936627,,5.93791515
0.29586612,,5.96698695
0.29692984,,5.9064207
0.29924723,,5.9306472
0.30145065,,5.959719
0.30293226,,5.9451831
0.30642734,,5.98152285
0.30722513,,5.959719
0.30954252,,5.959719
0.31072021,,5.93791515
0.31269569,,5.91368865
0.31478514,,5.95245105
0.31581087,,5.93791515
0.31778635,,5.9451831
0.32010374,,5.9742549
0.32055962,,5.959719
0.32321892,,5.9887908
0.32416867,,5.9887908
0.32762576,,6.0033267
0.32868948,,5.93791515
0.33017109,,5.9742549
0.33180466,,5.9887908
0.33298235,,6.01059465
0.33598356,,6.0323985
0.33666738,,6.02513055
0.33932668,,6.05420235
0.34004849,,5.99605875
0.34270779,,6.02513055
0.34399945,,6.01059465
0.34620287,,6.03966645
0.34977393,,6.0323985
0.35106559,,5.8773489
0.3540668,,5.9209566
0.35486459,,5.91368865
0.35718198,,5.9209566
0.35904349,,5.9451831
0.36124691,,5.959719
0.36322239,,5.9742549
0.36428611,,5.98152285
0.36694541,,5.9887908
0.36903486,,5.99605875
0.37112431,,6.01059465
0.37298582,,6.01059465
0.37469537,,6.05420235
0.37750663,,6.06873825
0.37841839,,6.07842885
0.38050784,,6.1002327
0.38305317,,6.09296475
0.38457277,,6.1002327
0.38594041,,6.09296475
0.38848574,,6.13657245
0.38920755,,6.1002327
0.39198082,,6.12203655
0.39350042,,6.13657245
0.3966156,,6.15110835
0.39847711,,6.1583763
0.40022465,,6.07842885
0.40265601,,6.10750065
0.40333983,,6.10750065
0.40542928,,6.1293045
0.40622707,,6.12203655
0.4091523,,6.1729122
0.41006406,,6.15110835
0.41238145,,6.1438404
0.41481281,,6.1438404
0.41656035,,6.12203655
0.41921965,,6.1729122
0.42039734,,6.1583763
0.42294267,,6.20925195
0.42385443,,6.1874481
0.42605785,,6.16564425
0.42746348,,6.1729122
0.4296669,,6.1583763
0.43187032,,6.19471605
0.43301002,,6.20925195
0.43544138,,6.23347845
0.43616319,,5.89915275
0.43696098,,5.959719
0.4376448,,5.95245105
0.43996219,,5.9887908
0.440684,,5.99605875
0.44288742,,6.05420235
0.44379918,,6.05420235
0.44554672,,6.07842885
0.44786411,,6.1002327
0.44843396,,6.09296475
0.45086532,,6.13657245
0.45158713,,6.10750065
0.45318271,,6.1583763
0.45561407,,6.1729122
0.45656382,,6.1729122
0.46002091,,6.2262105
0.46062875,,6.201984
0.46351599,,6.1147686
0.46617529,,6.12203655
0.46769489,,6.1293045
0.47046816,,6.1729122
0.47115198,,6.15110835
0.47278555,,6.1729122
0.47544485,,6.19471605
0.47685048,,6.201984
0.47916787,,6.201984
0.4805735,,6.21894255
0.48182717,,6.2262105
0.48425853,,6.2698182
0.48520828,,6.26255025
0.48877934,,6.2843541
0.49029894,,6.29162205
0.49227442,,6.16564425
0.49550357,,6.1729122
0.49656729,,6.1583763
0.49922659,,6.18018015
0.50097413,,6.23347845
0.50199986,,6.2407464
0.50408931,,6.2552823
0.5048871,,6.26255025
0.50769836,,6.2843541
0.50883806,,6.29889
0.51104148,,6.29889
0.51301696,,6.32069385
0.51442259,,6.34976565
0.51730983,,6.3812601
0.51787968,,6.27708615
0.5200831,,6.32069385
0.52126079,,6.3279618
0.52346421,,6.33522975
0.52494582,,6.3279618
0.52726321,,6.33522975
0.53018844,,6.37399215
0.53132814,,6.29162205
0.53398744,,6.3134259
0.53493719,,6.3134259
0.53771046,,6.37399215
0.53850825,,6.34976565
0.54143348,,6.35945625
0.54200333,,6.30615795
0.54443469,,6.3424977
0.54606826,,6.37399215
0.54709399,,6.37399215
0.54975329,,6.43213575
0.55036113,,6.4248678
0.55184274,,6.4248678
0.55416013,,6.34976565
0.55613561,,6.395796
0.55742727,,6.3812601
0.55940275,,6.4248678
0.56054245,,6.4248678
0.56308778,,6.4684755
0.56483532,,6.26255025
0.56703874,,6.2843541
0.56901422,,6.29889
0.57239533,,6.3279618
0.57307915,,6.29889
0.57585242,,6.3667242
0.57653624,,6.3424977
0.5793475,,6.3812601
0.57991735,,6.38852805
0.58291856,,6.4248678
0.58409625,,6.4248678
0.58584379,,6.4394037
0.58861706,,6.4684755
0.58941485,,6.43213575
0.59184621,,6.5072379
0.59359375,,6.35945625
0.59602511,,6.37399215
0.59743074,,6.34976565
0.59974813,,6.3812601
0.6010018,,6.40306395
0.604041,,6.4539396
0.60461085,,6.40306395
0.60738412,,6.4539396
0.60833387,,6.44667165
0.6108792,,6.47574345
0.61167699,,6.49027935
0.61445026,,6.5217738
0.61596986,,6.4975473
0.61828725,,6.5217738
0.62083258,,6.54357765
0.62178233,,6.46120755
0.62432766,,6.4830114
0.62535339,,6.4830114
0.62850656,,6.5363097
0.6287345,,6.51450585
0.63150777,,6.5508456
0.63207762,,6.46120755
0.63450898,,6.4975473
0.63766215,,6.5217738
0.63845994,,6.51450585
0.6408913,,6.5653815
0.64168909,,6.55811355
0.64484226,,6.5363097
0.64575402,,6.4684755
0.6477295,,6.5072379
0.64981895,,6.5508456
0.6507687,,6.5363097
0.65320006,,6.5363097
0.65399785,,6.5363097
0.657227,,6.5653815
0.65840469,,6.51450585
0.66015223,,6.52904175
0.66258359,,6.5653815
0.66326741,,6.5799174
0.66547083,,6.58718535
0.66615465,,6.5799174
0.67021958,,6.41759985
0.67325878,,6.4248678
0.6739426,,6.40306395
0.67739969,,6.4248678
0.6781215,,6.4103319
0.68123668,,6.4394037
0.68241437,,6.4394037
0.68484573,,6.46120755
0.68704915,,6.51450585
0.68807488,,6.51450585
0.69122805,,6.5363097
0.69145599,,6.51450585
0.69468514,,6.5508456
0.69563489,,6.5508456
0.69829419,,6.5653815
0.69943389,,6.57264945
0.70315691,,6.5508456
0.70429661,,6.4248678
0.70710787,,6.44667165
0.70790566,,6.44667165
0.71128677,,6.47574345
0.71174265,,6.4684755
0.71406004,,6.4830114
0.71569361,,6.5072379
0.71603552,,6.5072379
0.71858085,,6.5508456
0.71949261,,6.5508456
0.72226588,,6.5799174
0.72530508,,6.6089892
0.72655875,,6.60172125
0.72796438,,6.6089892
0.7313075,,6.638061
0.73237122,,6.638061
0.73514449,,6.61625715
0.7354864,,6.5653815
0.73841163,,6.60172125
0.73909545,,6.5944533
0.74152681,,6.6089892
0.74350229,,6.638061
0.74502189,,6.57264945
0.74695938,,6.60172125
0.74825104,,6.5944533
0.75136622,,6.63079305
0.752202,,6.638061
0.75474733,,6.6622875
0.75543115,,6.6089892
0.75869829,,6.6089892
0.75995196,,6.5944533
0.76226935,,6.638061
0.7632191,,6.6477516
0.76599237,,6.58718535
0.76690413,,6.60172125
0.76865167,,6.6235251
0.77051318,,6.6235251
0.77226072,,6.6477516
0.77480605,,6.68409135
0.77571781,,6.6768234
0.77852907,,6.6622875
0.77966877,,6.61625715
0.78084646,,6.61625715
0.78407561,,6.66955545
0.78475943,,6.6768234
0.78814054,,6.51450585
0.79114175,,6.5072379
0.79159763,,6.5072379
0.79452286,,6.51450585
0.79509271,,6.5072379
0.79832186,,6.5508456
0.79870176,,6.52904175
0.80113312,,6.5653815
0.8027287,,6.57264945
0.80470418,,6.5799174
0.80736348,,6.6089892
0.80888308,,6.61625715
0.8110865,,6.6477516
0.81237816,,6.6622875
0.81515143,,6.66955545
0.81560731,,6.6622875
0.8194443,,6.55811355
0.82187566,,6.55811355
0.82301536,,6.5508456
0.8262825,,6.5653815
0.82696632,,6.5799174
0.82985356,,6.6089892
0.8304614,,6.60172125
0.83357658,,6.6235251
0.8342604,,6.61625715
0.83741357,,6.66955545
0.83855327,,6.6768234
0.84064272,,6.6768234
0.84345398,,6.71316315
0.8441378,,6.7058952
0.84702504,,6.74223495
0.84922846,,6.57264945
0.85143188,,6.5944533
0.85420515,,6.60172125
0.85572475,,6.6235251
0.85770023,,6.63079305
0.86001762,,6.63079305
0.86142325,,6.6089892
0.86347471,,6.6622875
0.86385461,,6.66955545
0.86708376,,6.69862725
0.8688313,,6.71316315
0.87080678,,6.7204311
0.87323814,,6.7495029
0.87369402,,6.734967
0.8771891,,6.71316315
0.87867071,,6.6089892
0.88170991,,6.6089892
0.88284961,,6.6477516
0.88436921,,6.6477516
0.88759836,,6.6768234
0.8882062,,6.6768234
0.89075153,,6.69862725
0.89189123,,6.6913593
0.89455053,,6.7058952
0.89584219,,6.71316315
0.89850149,,6.72769905
0.90024903,,6.7495029
0.90081888,,6.75677085
0.90465587,,6.79553325
0.90533969,,6.72769905
0.90974653,,6.7495029
0.91031638,,6.71316315
0.91335558,,6.7882653
0.91369749,,6.7495029
0.91635679,,6.7785747
0.91704061,,6.734967
0.91962393,,6.75677085
0.91996584,,6.734967
0.92194132,,6.7495029
0.92403077,,6.8028012
0.92574032,,6.71316315
0.92760183,,6.74223495
0.92855158,,6.734967
0.93235058,,6.77130675
0.93375621,,6.7640388
0.93595963,,6.74223495
0.93709933,,6.71316315
0.93964466,,6.7495029
0.94222798,,6.8028012
0.94336768,,6.7882653
0.94534316,,6.79553325
0.94686276,,6.7882653
0.9482304,,6.8028012
0.94940809,,6.79553325
0.9524093,,6.79553325
0.95313111,,6.79553325
0.95601835,,6.8464089
0.95704408,,6.77130675
0.95970338,,6.81006915
0.96133695,,6.79553325
0.9634264,,6.82460505
0.96411022,,6.81006915
0.96714942,,6.83914095
0.96749133,,6.77130675
0.97094842,,6.81006915
0.97155626,,6.8028012
0.97467144,,6.831873
0.97501335,,6.82460505
0.97907828,,6.6622875
0.98082582,,6.63079305
0.98234542,,6.61625715
0.98428291,,6.6622875
0.98625839,,6.65501955
0.9896395,,6.6768234
0.99055126,,6.6768234
0.99264071,,6.7058952
0.99359046,,6.7058952
0.99670564,,6.75677085
0.99738946,,6.71316315
1.00077057,,6.77130675
1.00156836,,6.75677085
1.00399972,,6.7785747
1.00665902,,6.82460505
1.00783671,,6.8028012
1.01072395,,6.8464089
1.01212958,,6.69862725
1.01513079,,6.68409135
1.01630848,,6.68409135
1.01987954,,6.68409135
1.02128517,,6.71316315
1.02257683,,6.72769905
1.0253501,,6.7495029
1.02614789,,6.7495029
1.02975694,,6.7882653
1.03101061,,6.79553325
1.03264418,,6.8028012
1.03518951,,6.85367685
1.03602529,,6.8173371
1.03948238,,6.77130675
1.04088801,,6.7058952
1.04457304,,6.7204311
1.04518088,,6.7204311
1.04761224,,6.7058952
1.05141124,,6.75677085
1.05201908,,6.72769905
1.05467838,,6.7882653
1.05513426,,6.81006915
1.05779356,,6.82460505
1.05931316,,6.8464089
1.06128864,,6.8464089
1.06231437,,6.85367685
1.06615136,,6.8464089
1.06778493,,6.8609448
1.06964644,,6.8900166
1.07264765,,6.88274865
1.07344544,,6.79553325
1.07542092,,6.82460505
1.07599077,,6.81006915
1.07857409,,6.85367685
1.07937188,,6.83914095
1.08480445,,6.7640388
1.08586817,,6.81006915
1.0868939,,6.81006915
1.08898335,,6.83914095
1.09004707,,6.831873
1.09304828,,6.831873
1.09384607,,6.79553325
1.09688527,,6.83914095
1.09722718,,6.8464089
1.10022839,,6.8754807
1.10106417,,6.8754807
1.10547101,,6.7785747
1.1062688,,6.8028012
1.10858619,,6.8754807
1.1089281,,6.86821275
1.11181534,,6.8754807
1.11242318,,6.85367685
1.11622218,,6.8900166
1.11671605,,6.82460505
1.11891947,,6.83914095
1.11948932,,6.83914095
1.12237656,,6.88274865
1.12317435,,6.86821275
1.12549174,,6.89728455
1.12587164,,6.81006915
1.12967064,,6.83914095
1.13221597,,6.8609448
1.13491326,,6.8754807
1.13688874,,6.88274865
1.1389402,,6.831873
1.14057377,,6.85367685
1.14209337,,6.85367685
1.14593036,,6.72769905
1.14707006,,6.65501955
1.15056514,,6.66955545
1.15124896,,6.638061
1.15390826,,6.68409135
1.15576977,,6.6913593
1.15690947,,6.7204311
1.15911289,,6.7495029
1.16051852,,6.7204311
1.16317782,,6.7640388
1.16412757,,6.77130675
1.16644496,,6.79553325
1.16724275,,6.7785747
1.16956014,,6.8028012
1.17012999,,6.8028012
1.17430889,,6.83914095
1.17928558,,6.7495029
1.1803493,,6.68409135
1.18323654,,6.74223495
1.18395835,,6.74223495
1.18661765,,6.7640388
1.18741544,,6.7640388
1.19007474,,6.8173371
1.19125243,,6.8173371
1.19391173,,6.831873
1.19588721,,6.83914095
1.19729284,,6.8609448
1.20215556,,6.7495029
1.20283938,,6.69862725
1.20584059,,6.71316315
1.20679034,,6.69862725
1.21013346,,6.71316315
1.21119718,,6.74223495
1.2134006,,6.734967
1.21526211,,6.77130675
1.21640181,,6.77130675
1.21963096,,6.8173371
1.22069468,,6.77130675
1.22346795,,6.83914095
1.2244177,,6.83914095
1.22719097,,6.831873
1.22810273,,6.82460505
1.23250957,,6.69862725
1.23600465,,6.69862725
1.23691641,,6.6913593
1.24086737,,6.7495029
1.24155119,,6.7204311
1.24329873,,6.72769905
1.24447642,,6.74223495
1.24781954,,6.7785747
1.24899723,,6.8028012
1.25059281,,6.8173371
1.25245432,,6.83914095
1.2532901,,6.8028012
1.25651925,,6.88274865
1.2570891,,6.86821275
1.26081212,,6.8900166
1.26244569,,6.71316315
1.26521896,,6.7204311
1.26753635,,6.71316315
1.2707655,,6.7204311
1.27296892,,6.734967
1.27471646,,6.734967
1.27714782,,6.75677085
1.27935124,,6.75677085
1.28223848,,6.8028012
1.28375808,,6.79553325
1.28618944,,6.831873
1.28736713,,6.8173371
1.28934261,,6.82460505
1.29002643,,6.81006915
1.29257176,,6.79553325
1.29363548,,6.7785747
1.29629478,,6.81006915
1.29754845,,6.8028012
1.30058765,,6.72769905
1.30206926,,6.77130675
1.30279107,,6.75677085
1.30613419,,6.81006915
1.30708394,,6.7882653
1.31088294,,6.8028012
1.31171872,,6.7785747
1.31297239,,6.7785747
1.31612556,,6.82460505
1.3163535,,6.7882653
1.31867089,,6.8173371
1.32155813,,6.81006915
1.32364758,,6.7882653
1.32539512,,6.83914095
1.32687673,,6.831873
1.32748457,,6.8173371
1.33037181,,6.79553325
1.33162548,,6.831873
1.33371493,,6.82460505
1.33603232,,6.831873
1.33766589,,6.8028012
1.33975534,,6.8464089
1.34150288,,6.7882653
1.34302248,,6.79553325
1.3437063,,6.79553325
1.3478852,,6.83914095
1.34879696,,6.831873
1.35179817,,6.7785747
1.35331777,,6.8028012
1.35540722,,6.81006915
1.35806652,,6.82460505
1.35947215,,6.8028012
1.36121969,,6.82460505
1.36353708,,6.82460505
1.36596844,,6.83914095
1.36722211,,6.82460505
1.37083116,,6.8173371
1.37128704,,6.8173371
1.3737184,,6.85367685
1.37444021,,6.831873
1.37709951,,6.8464089
1.37744142,,6.81006915
1.38010072,,6.8028012
1.3805566,,6.79553325
1.38450756,,6.831873
1.38568525,,6.7882653
1.38800264,,6.81006915
1.38857249,,6.7882653
1.39218154,,6.8464089
1.3930933,,6.8173371
1.39970356,,6.638061
1.40050135,,6.5653815
1.40365452,,6.60172125
1.4041104,,6.5944533
1.40756749,,6.6477516
1.4082893,,6.6089892
1.41060669,,6.6477516
1.41151845,,6.6622875
1.41406378,,6.69862725
1.41581132,,6.71316315
1.41801474,,6.71316315
1.42078801,,6.7495029
1.42219364,,6.74223495
1.42508088,,6.77130675
1.4261446,,6.77130675
1.42937375,,6.8028012
1.43134923,,6.6477516
1.43400853,,6.66955545
1.43435044,,6.65501955
1.43704773,,6.6768234
1.43738964,,6.65501955
1.439821,,6.6913593
1.44061879,,6.7058952
1.44525357,,6.734967
1.44631729,,6.7495029
1.45011629,,6.7640388
1.45231971,,6.7640388
1.45315549,,6.77130675
1.45695449,,6.7058952
1.45779027,,6.68409135
1.46219711,,6.6913593
1.46276696,,6.66955545
1.46519832,,6.71316315
1.46588214,,6.734967
1.4686934,,6.734967
1.46892134,,6.734967
1.47321421,,6.77130675
1.47367009,,6.7495029
1.47712718,,6.8173371
1.47739311,,6.77130675
1.48073623,,6.8173371
1.48293965,,6.83914095
1.48457322,,6.66955545
1.48791634,,6.6768234
1.48837222,,6.66955545
1.49198127,,6.7058952
1.49255112,,6.69862725
1.49581826,,6.7204311
1.49650208,,6.72769905
1.50113686,,6.7640388
1.50208661,,6.74223495
1.50577164,,6.7882653
1.50611355,,6.7495029
1.50869687,,6.8173371
1.50960863,,6.831873
1.51412944,,6.6913593
1.51701668,,6.6913593
1.51842231,,6.69862725
1.52108161,,6.7058952
1.52165146,,6.69862725
1.52419679,,6.72769905
1.52526051,,6.72769905
1.52860363,,6.79553325
1.52886956,,6.7640388
1.53323841,,6.81006915
1.53396022,,6.79553325
1.53673349,,6.82460505
1.53718937,,6.8173371
1.54034254,,6.83914095
1.54068445,,6.82460505
1.54436948,,6.74223495
1.54497732,,6.7495029
1.54577511,,6.7640388
1.54904225,,6.8173371
1.55018195,,6.8173371
1.55261331,,6.8028012
1.55470276,,6.81006915
1.55781794,,6.8173371
1.56040126,,6.8464089
1.56199684,,6.79553325
1.56431423,,6.81006915
1.56537795,,6.81006915
1.56758137,,6.85367685
1.56837916,,6.81006915
1.57221615,,6.8028012
1.57312791,,6.7882653
1.57707887,,6.82460505
1.57787666,,6.7495029
1.58091586,,6.79553325
1.58171365,,6.79553325
1.58391707,,6.82460505
1.58425898,,6.79553325
1.587982,,6.79553325
1.58866582,,6.79553325
1.59109718,,6.82460505
1.59170502,,6.7640388
1.5948202,,6.8028012
1.59539005,,6.79553325
1.59842925,,6.8173371
1.59877116,,6.75677085
1.60222825,,6.81006915
1.60306403,,6.77130675
1.606977,,6.831873
1.60769881,,6.734967
1.61013017,,6.79553325
1.61138384,,6.7785747
1.61465098,,6.79553325
1.6153348,,6.77130675
1.61765219,,6.7882653
1.61917179,,6.8173371
1.62160315,,6.79553325
1.62426245,,6.79553325
1.62494627,,6.7785747
1.62764356,,6.83914095
1.62878326,,6.8028012
1.63262025,,6.8173371
1.63307613,,6.79553325
1.63562146,,6.8173371
1.63679915,,6.72769905
1.64014227,,6.77130675
1.64097805,,6.77130675
1.6430675,,6.8173371
1.64363735,,6.8028012
1.65013364,,6.77130675
1.65024761,,6.6622875
1.65245103,,6.6913593
1.65302088,,6.6768234
1.65742772,,6.47574345
1.66042893,,6.47574345
1.66137868,,6.4684755
1.66601346,,6.4830114
1.66669728,,6.4830114
1.66969849,,6.51450585
1.67076221,,6.51450585
1.67471317,,6.57264945
1.67516905,,6.55811355
1.67828423,,6.58718535
1.67889207,,6.57264945
1.68280504,,6.61625715
1.68314695,,6.60172125
1.686756,,6.51450585
1.68778173,,6.47574345
1.69184666,,6.4830114
1.69302435,,6.49027935
1.69534174,,6.5072379
1.69659541,,6.52904175
1.69906476,,6.5508456
1.70172406,,6.58718535
1.7046113,,6.5653815
1.70704266,,6.6089892
1.70856226,,6.58718535
1.71133553,,6.63079305
1.71262719,,6.51450585
1.71726197,,6.51450585
1.71771785,,6.47574345
1.71992127,,6.5217738
1.72049112,,6.5072379
1.72410017,,6.54357765
1.72467002,,6.5363097
1.7281651,,6.58718535
1.72850701,,6.60172125
1.73128028,,6.63079305
1.73279988,,6.61625715
1.73789054,,6.4975473
1.7403219,,6.4975473
1.74275326,,6.4830114
1.74598241,,6.5217738
1.74670422,,6.5217738
1.74947749,,6.5508456
1.75004734,,6.52904175
1.75259267,,6.5653815
1.75308654,,6.5653815
1.7566576,,6.5944533
1.75722745,,6.5799174
1.76095047,,6.6235251
1.76140635,,6.61625715
1.76383771,,6.6477516
1.76444555,,6.61625715
1.77116978,,6.4394037
1.77276536,,6.4539396
1.77523471,,6.46120755
1.77614647,,6.47574345
1.77857783,,6.4830114
1.78009743,,6.4975473
1.78275673,,6.5072379
1.78416236,,6.5363097
1.78632779,,6.55811355
1.78727754,,6.58718535
1.79005081,,6.58718535
1.79354589,,6.6235251
1.79445765,,6.6089892
1.79795273,,6.6477516
1.80015615,,6.47574345
1.80433505,,6.49027935
1.80467696,,6.49027935
1.80779214,,6.5217738
1.80858993,,6.4684755
1.81079335,,6.51450585
1.81254089,,6.52904175
1.81558009,,6.5508456
1.81637788,,6.54357765
1.81823939,,6.5653815
1.82135457,,6.6235251
1.82230432,,6.58718535
1.82621729,,6.6235251
1.82705307,,6.5072379
1.82948443,,6.54357765
1.83028222,,6.55811355
1.83389127,,6.60172125
1.83446112,,6.54357765
1.83734836,,6.5799174
1.83818414,,6.55811355
1.84129932,,6.60172125
1.84304686,,6.52904175
1.84638998,,6.5653815
1.84711179,,6.5653815
1.8512527,,6.5944533
1.85208848,,6.5217738
1.85440587,,6.57264945
1.85531763,,6.5508456
1.85774899,,6.58718535
1.85938256,,6.5217738
1.86192789,,6.5508456
1.8626497,,6.5363097
1.86587885,,6.5944533
1.86690458,,6.52904175
1.86937393,,6.5653815
1.87028569,,6.5508456
1.87226117,,6.5653815
1.87317293,,6.55811355
1.8774658,,6.5508456
1.87830158,,6.55811355
1.88096088,,6.5072379
1.88210058,,6.54357765
1.88384812,,6.5363097
1.88570963,,6.5653815
1.88779908,,6.5653815
1.89137014,,6.57264945
1.89288974,,6.54357765
1.89672673,,6.60172125
1.89741055,,6.5217738
1.89961397,,6.55811355
1.90006985,,6.55811355
1.90333699,,6.5799174
1.90424875,,6.54357765
1.90702202,,6.55811355
1.90774383,,6.5653815
1.91097298,,6.5653815
1.91120092,,6.5217738
1.91458203,,6.58718535
1.91492394,,6.55811355
1.91803912,,6.5944533
1.918495,,6.51450585
1.9230538,,6.5944533
1.92373762,,6.5653815
1.92803049,,6.5944533
1.92860034,,6.5217738
1.93080376,,6.5799174
1.93137361,,6.5508456
1.93486869,,6.5799174
1.93532457,,6.5363097
1.93798387,,6.57264945
1.93832578,,6.52904175
1.94250468,,6.60172125
1.94345443,,6.5363097
1.94539192,,6.54357765
1.9462277,,6.5508456
1.95166027,,6.55811355
1.95211615,,6.5363097
1.95549726,,6.5944533
1.95606711,,6.57264945
1.96244943,,6.3812601
1.96279134,,6.3134259
1.96617245,,6.34976565
1.96791999,,6.34976565
1.96985748,,6.3812601
1.97080723,,6.3812601
1.9724408,,6.4103319
1.97437829,,6.4248678
1.97498613,,6.4394037
1.979279,,6.4394037
1.98064664,,6.4539396
1.98341991,,6.49027935
1.98391378,,6.47574345
1.98820665,,6.5217738
1.98889047,,6.5217738
1.99306937,,6.40306395
1.99493088,,6.395796
1.99736224,,6.3812601
1.99872988,,6.395796
2.00233893,,6.40306395
2.00256687,,6.395796
2.00617592,,6.46120755
2.00697371,,6.4539396
2.00940507,,6.47574345
2.00986095,,6.47574345
2.01252025,,6.5217738
2.01301412,,6.4975473
2.01730699,,6.4103319
2.01913051,,6.395796
2.02171383,,6.40306395
2.02228368,,6.41759985
2.0271464,,6.4394037
2.02855203,,6.4394037
2.03064148,,6.46120755
2.0328449,,6.4975473
2.03409857,,6.4975473
2.03770762,,6.51450585
2.03861938,,6.49027935
2.0408228,,6.5508456
2.04188652,,6.4103319
2.04568552,,6.41759985
2.04629336,,6.40306395
2.05020633,,6.4394037
2.05115608,,6.4248678
2.05533498,,6.4394037
2.0571585,,6.44667165
2.06110946,,6.46120755
2.06228715,,6.4975473
2.06483248,,6.5072379
2.06517439,,6.5217738
2.06901138,,6.4394037
2.07037902,,6.47574345
2.07281038,,6.4684755
2.07444395,,6.5072379
2.07524174,,6.51450585
2.07942064,,6.5217738
2.07991451,,6.46120755
2.08302969,,6.5072379
2.0833716,,6.4975473
2.08637281,,6.5217738
2.08648678,,6.44667165
2.08929804,,6.49027935
2.08986789,,6.49027935
2.09450267,,6.51450585
2.09495855,,6.46120755
2.09845363,,6.49027935
2.09845363,,6.5072379
2.10308841,,6.5072379
2.10365826,,6.46120755
2.10726731,,6.52904175
2.10783716,,6.4975473
2.11144621,,6.51450585
2.11247194,,6.4539396
2.11501727,,6.4830114
2.11608099,,6.49027935
2.11931014,,6.5072379
2.11987999,,6.4394037
2.12094371,,6.4830114
2.12162753,,6.47574345
2.12671819,,6.4830114
2.12732603,,6.47574345
2.13150493,,6.5072379
2.13196081,,6.4830114
2.1354179,,6.4975473
2.13575981,,6.44667165
2.13879901,,6.49027935
2.13936886,,6.47574345
2.14388967,,6.4539396
2.14483942,,6.4684755
2.14654897,,6.47574345
2.14863842,,6.5072379
2.15118375,,6.44667165
2.15258938,,6.4830114
2.15361511,,6.4975473
2.15422295,,6.4975473
2.15851582,,6.46120755
2.15988346,,6.47574345
2.16242879,,6.49027935
2.16474618,,6.51450585
2.16603784,,6.4684755
2.16767141,,6.4830114
2.16976086,,6.4975473
2.17276207,,6.51450585
2.17450961,,6.4394037
2.17819464,,6.4975473
2.17868851,,6.46120755
2.18225957,,6.51450585
2.18298138,,6.40306395
2.1863245,,6.4975473
2.18678038,,6.4684755
2.18932571,,6.47574345
2.18943968,,6.44667165
2.19293476,,6.5072379
2.19350461,,6.4830114
2.19954502,,6.3134259
2.2000009,,6.2262105
2.20406583,,6.29162205
2.20474965,,6.2698182
2.20927046,,6.30615795
2.20999227,,6.30615795
2.2125376,,6.34976565
2.21322142,,6.3134259
2.21610866,,6.37399215
2.21683047,,6.33522975
2.21903389,,6.38852805
2.21971771,,6.4103319
2.22587209,,6.3424977
2.22655591,,6.29162205
2.23119069,,6.3424977
2.23141863,,6.2698182
2.23384999,,6.33522975
2.2345718,,6.33522975
2.23745904,,6.38852805
2.2383708,,6.37399215
2.24323352,,6.4103319
2.24429724,,6.395796
2.24802026,,6.4248678
2.24904599,,6.2843541
2.25299695,,6.3134259
2.25368077,,6.30615795
2.25599816,,6.3424977
2.25668198,,6.3279618
2.26063294,,6.3667242
2.26120279,,6.3667242
2.26690129,,6.395796
2.26769908,,6.3424977
2.2702824,,6.4103319
2.27073828,,6.38852805
2.27514512,,6.29889
2.27617085,,6.2552823
2.28057769,,6.29162205
2.28114754,,6.2698182
2.28566835,,6.3279618
2.28650413,,6.2843541
2.28893549,,6.3424977
2.28939137,,6.3279618
2.29300042,,6.35945625
2.29379821,,6.35945625
2.29729329,,6.40306395
2.29831902,,6.40306395
2.30075038,,6.43213575
2.30363762,,6.24801435
2.30595501,,6.26255025
2.3082724,,6.24801435
2.30967803,,6.27708615
2.31222336,,6.29889
2.31408487,,6.30615795
2.31837774,,6.2843541
2.32058116,,6.34976565
2.32187282,,6.3424977
2.324988,,6.3812601
2.32639363,,6.34976565
2.3291669,,6.38852805
2.33125635,,6.29889
2.33300389,,6.32069385
2.3333458,,6.33522975
2.33725877,,6.35945625
2.33798058,,6.30615795
2.34166561,,6.35945625
2.34272933,,6.32069385
2.34725014,,6.3279618
2.34804793,,6.2843541
2.34990944,,6.32069385
2.35340452,,6.3279618
2.35606382,,6.2552823
2.35849518,,6.29889
2.36047066,,6.3134259
2.36312996,,6.3134259
2.36544735,,6.21894255
2.36708092,,6.30615795
2.36742283,,6.27708615
2.37042404,,6.33522975
2.37099389,,6.2407464
2.37334927,,6.2843541
2.37448897,,6.27708615
2.3785539,,6.32069385
2.37912375,,6.21894255
2.3812132,,6.29162205
2.38166908,,6.27708615
2.38759552,,6.30615795
2.3880514,,6.23347845
2.39188839,,6.30615795
2.39245824,,6.30615795
2.39618126,,6.3279618
2.3964092,,6.24801435
2.39884056,,6.27708615
2.39929644,,6.2843541
2.40370328,,6.29889
2.40404519,,6.2552823
2.40754027,,6.3134259
2.40776821,,6.2843541
2.41308681,,6.29162205
2.41331475,,6.2407464
2.41646792,,6.30615795
2.41680983,,6.2698182
2.42133064,,6.3134259
2.42190049,,6.20925195
2.42433185,,6.29162205
2.42467376,,6.2698182
2.42771296,,6.29162205
2.42839678,,6.2552823
2.43154995,,6.2843541
2.43200583,,6.26255025
2.43675458,,6.29162205
2.43755237,,6.2552823
2.44032564,,6.29162205
2.44150333,,6.26255025
2.44473248,,6.3134259
2.44591017,,6.23347845
2.4473158,,6.24801435
2.44891138,,6.29162205
2.45217852,,6.23347845
2.45404003,,6.29162205
2.45540767,,6.27708615
2.45692727,,6.29889
2.46201793,,6.09296475
2.4651711,,6.10750065
2.46585492,,6.06873825
2.47026176,,6.13657245
2.47083161,,6.09296475
2.47212327,,6.1293045
2.47535242,,6.18018015
2.47558036,,6.12203655
2.4784676,,6.21894255
2.47907544,,6.19471605
2.48241856,,6.21894255
2.4826465,,6.201984
2.48823103,,6.10750065
2.48914279,,6.07842885
2.49377757,,6.1293045
2.49427144,,6.10750065
2.49795647,,6.1583763
2.49841235,,6.1438404
2.50331306,,6.16564425
2.50388291,,6.16564425
2.50745397,,6.19471605
2.50806181,,6.1874481
2.51106302,,6.20925195
2.51186081,,6.201984
2.51710343,,6.13657245
2.51767328,,6.05420235
2.5210164,,6.1147686
2.52128233,,6.06873825
2.5240556,,6.13657245
2.52462545,,6.10750065
2.52926023,,6.1729122
2.52983008,,6.12203655
2.53389501,,6.1729122
2.53435089,,6.15110835
2.53795994,,6.201984
2.53875773,,6.1874481
2.54270869,,6.1002327
2.54422829,,6.07842885
2.54817925,,6.0856968
2.55011674,,6.1147686
2.55175031,,6.12203655
2.55315594,,6.1438404
2.55615715,,6.12203655
2.55801866,,6.16564425
2.55965223,,6.16564425
2.56067796,,6.1583763
2.56474289,,6.1002327
2.56576862,,6.0614703
2.56808601,,6.09296475
2.57412642,,6.1583763
2.5749622,,6.07842885
2.57644381,,6.1293045
2.57750753,,6.1438404
2.58130653,,6.13657245
2.58214231,,6.18018015
2.58491558,,6.1583763
2.58525749,,6.13657245
2.58886654,,6.18018015
2.58955036,,6.1583763
2.59513489,,6.10750065
2.59638856,,6.1438404
2.5981361,,6.15110835
2.59881992,,6.13657245
2.60277088,,6.18018015
2.60288485,,6.1147686
2.60440445,,6.1729122
2.60706375,,6.18018015
2.60960908,,6.1583763
2.61272426,,6.1583763
2.61469974,,6.1147686
2.61690316,,6.1583763
2.61808085,,6.1438404
2.62237372,,6.16564425
2.6243492,,6.1002327
2.62689453,,6.1438404
2.62826217,,6.1438404
2.63035162,,6.1583763
2.6323271,,6.10750065
2.63430258,,6.1438404
2.63521434,,6.12203655
2.63768369,,6.1583763
2.63870942,,6.0856968
2.6422045,,6.16564425
2.64323023,,6.12203655
2.64634541,,6.16564425
2.64683928,,6.09296475
2.64938461,,6.13657245
2.64972652,,6.12203655
2.65493115,,6.1729122
2.65538703,,6.07842885
2.65876814,,6.1293045
2.65899608,,6.1002327
2.66226322,,6.13657245
2.66283307,,6.1002327
2.66594825,,6.13657245
2.6665181,,6.1438404
2.67035509,,6.1293045
2.67058303,,6.1293045
2.67290042,,6.12203655
2.67628153,,6.15110835
2.67742123,,6.1147686
2.67871289,,6.1293045
2.68205601,,6.13657245
2.68334767,,6.1438404
2.68680476,,6.0469344
2.6885523,,6.1147686
2.69018587,,6.1147686
2.69368095,,6.13657245
2.69493462,,6.07842885
2.69702407,,6.1438404
2.69759392,,6.1293045
2.70177282,,6.13657245
2.70245664,,6.0856968
2.70606569,,6.15110835
2.7064076,,6.09296475
2.70978871,,6.13657245
2.71001665,,6.05420235
2.71385364,,6.12203655
2.71419555,,6.09296475
2.71905827,,6.12203655
2.71940018,,6.0856968
2.72262933,,6.12203655
2.72300923,,6.10750065
2.7273021,,6.10750065
2.72798592,,6.09296475
2.7326207,,5.89915275
2.73364643,,5.9064207
2.73539397,,5.9306472
2.73702754,,5.93791515
2.74143438,,5.9451831
2.74306795,,5.98152285
2.74500544,,5.9451831
2.74770273,,6.0178626
2.74918434,,5.99605875
2.75058997,,6.02513055
2.75138776,,6.0178626
2.75568063,,6.02513055
2.75777008,,5.91368865
2.76206295,,5.9306472
2.76369652,,5.93791515
2.76601391,,5.96698695
2.76855924,,5.95245105
2.77156045,,5.9887908
2.7725102,,5.9742549
2.77691704,,6.0033267
2.77771483,,6.0033267
2.77991825,,6.02513055
2.78166579,,5.89915275
2.78607263,,5.9209566
2.78698439,,5.9306472
2.78952972,,5.9451831
2.79070741,,5.96698695
2.79245495,,6.0033267
2.79625395,,6.0323985
2.79731767,,5.959719
2.79952109,,6.01059465
2.80009094,,6.0033267
2.80635929,,5.8918848
2.80715708,,5.85554505
2.81065216,,5.9209566
2.81144995,,5.89915275
2.81540091,,5.959719
2.81597076,,5.9209566
2.81912393,,5.9742549
2.81935187,,5.9742549
2.8230369,,5.9887908
2.82375871,,5.98152285
2.82850746,,5.9306472
2.82998907,,5.9064207
2.834054,,5.9064207
2.83428194,,5.91368865
2.83766305,,5.93791515
2.83857481,,5.9451831
2.84332356,,5.9887908
2.84438728,,5.9451831
2.84727452,,5.98152285
2.8477304,,5.9742549
2.85202327,,5.9306472
2.85422669,,5.99605875
2.85563232,,5.93791515
2.85829162,,5.9887908
2.85958328,,5.96698695
2.86224258,,5.9887908
2.86399012,,5.93791515
2.86664942,,5.9887908
2.86778912,,5.9742549
2.87033445,,5.98152285
2.87208199,,5.93791515
2.87485526,,5.9742549
2.8754631,,5.96698695
2.87986994,,5.9887908
2.88055376,,5.93791515
2.88298512,,5.959719
2.88507457,,5.95245105
2.88682211,,5.98152285
2.89005126,,5.95245105
2.89111498,,5.9742549
2.89354634,,5.93791515
2.89654755,,5.98152285
2.89772524,,5.9742549
2.89909288,,5.959719
2.90247399,,5.91368865
2.90479138,,5.9742549
2.90570314,,5.93791515
2.90942616,,5.9887908
2.91067983,,5.87008095
2.91337712,,5.95245105
2.91371903,,5.93791515
2.91858175,,5.96698695
2.91926557,,5.91368865
2.92230477,,5.959719
2.92264668,,5.93791515
2.9259898,,5.95245105
2.92659764,,5.9306472
2.93096649,,5.959719
2.93123242,,5.8918848
2.93411966,,5.959719
2.93468951,,5.9306472
2.93886841,,5.99605875
2.93932429,,5.88461685
2.94224952,,5.9451831
2.94293334,,5.95245105
2.94661837,,5.96698695
2.94677033,,5.93791515
2.95045536,,5.959719
2.95113918,,5.89915275
2.95543205,,5.95245105
2.95581195,,5.9306472
2.96044673,,5.95245105
2.9605607,,5.8773489
2.96344794,,5.93791515
2.96401779,,5.93791515
2.96667709,,5.9451831
2.96728493,,5.9209566
2.97317338,,5.75863905
2.97366725,,5.71503135
2.97769419,,5.75863905
2.97818806,,5.74410315
2.982215,,5.79740145
2.98282284,,5.7804429
2.98711571,,5.8046694
2.98954707,,5.8482771
2.99068677,,5.81193735
2.9932321,,5.862813
2.99383994,,5.8482771
2.99809482,,5.8337412
2.99915854,,5.74410315
3.00227372,,5.7901335
3.00322347,,5.7513711
3.00622468,,5.79740145
3.00668056,,5.8046694
3.01169524,,5.8482771
3.01317685,,5.79740145
3.01583615,,5.8773489
3.01644399,,5.82647325
3.0209648,,5.81193735
3.02164862,,5.75863905
3.0262834,,5.79740145
3.02662531,,5.74410315
3.03023436,,5.81193735
3.0304623,,5.77317495
3.03346351,,5.84100915
3.03369145,,5.82647325
3.03821226,,5.8918848
3.0388201,,5.8337412
3.04311297,,5.75863905
3.04379679,,5.74410315
3.04786172,,5.7901335
3.04797569,,5.765907
3.05177469,,5.81193735
3.05238253,,5.7901335
3.05549771,,5.84100915
3.05583962,,5.82647325
3.05967661,,5.862813
3.06001852,,5.85554505
3.06419742,,5.8918848
3.06453933,,5.8337412
3.06814838,,5.88461685
3.0688322,,5.85554505
3.07312507,,5.8773489
3.07346698,,5.84100915
3.07810176,,5.862813
3.07844367,,5.8482771
3.08205272,,5.8918848
3.08239463,,5.862813
3.08634559,,5.88461685
3.0866875,,5.84100915
3.08946077,,5.8482771
3.08991665,,5.862813
3.09284188,,5.8482771
3.09420952,,5.87008095
3.09793254,,5.8773489
3.09956611,,5.8773489
3.10256732,,5.8337412
3.10545456,,5.88461685
3.10708813,,5.85554505
3.11008934,,5.8918848
3.11092512,,5.8337412
3.11278663,,5.89915275
3.11278663,,5.862813
3.1166996,,5.8918848
3.11753538,,5.8337412
3.12042262,,5.8773489
3.12160031,,5.8482771
3.12517137,,5.88461685
3.12574122,,5.8192053
3.12783067,,5.88461685
3.12832454,,5.84100915
3.13284535,,5.87008095
3.13318726,,5.8046694
3.13584656,,5.87008095
3.13630244,,5.87008095
3.14070928,,5.862813
3.14105119,,5.8337412
3.14431833,,5.84100915
3.14534406,,5.87008095
3.14838326,,5.6786916
3.15218226,,5.6932275
3.1527901,,5.6496198
3.15510749,,5.71503135
3.15567734,,5.6932275
3.16054006,,5.75863905
3.16099594,,5.71503135
3.16365524,,5.74410315
3.16471896,,5.765907
3.16946771,,5.74410315
3.1702655,,5.6932275
3.17421646,,5.7077634
3.17490028,,5.70049545
3.17850933,,5.71503135
3.1801429,,5.7368352
3.1828022,,5.74410315
3.18405587,,5.75863905
3.18652522,,5.7804429
3.18766492,,5.7804429
3.19264161,,5.67142365
3.19636463,,5.6786916
3.19727639,,5.67142365
3.20054353,,5.71503135
3.20134132,,5.67142365
3.2048364,,5.7513711
3.20529228,,5.7077634
3.20806555,,5.7513711
3.2090153,,5.74410315
3.21410596,,5.6641557
3.21467581,,5.6399292
3.21874074,,5.67142365
3.22026034,,5.6786916
3.22291964,,5.70049545
3.22603482,,5.7368352
3.22766839,,5.71503135
3.23055563,,5.77317495
3.2321892,,5.72956725
3.23439262,,5.765907
3.23671001,,5.71503135
3.23868549,,5.77317495
3.23948328,,5.7513711
3.24332027,,5.765907
3.24411806,,5.7513711
3.24761314,,5.7901335
3.24875284,,5.7513711
3.25201998,,5.77317495
3.25281777,,5.7513711
3.25733858,,5.7804429
3.25790843,,5.6932275
3.26083366,,5.77317495
3.26128954,,5.7222993
3.26478462,,5.75863905
3.26501256,,5.72956725
3.2678998,,5.7804429
3.26812774,,5.7222993
3.27230664,,5.765907
3.27287649,,5.7222993
3.27602966,,5.7513711
3.27637157,,5.74410315
3.28191811,,5.765907
3.28275389,,5.67142365
3.2857551,,5.7222993
3.28621098,,5.7077634
3.29061782,,5.74410315
3.29084576,,5.7222993
3.29582245,,5.7513711
3.29631632,,5.68595955
3.29874768,,5.7513711
3.29931753,,5.7222993
3.30418025,,5.7513711
3.30429422,,5.6932275
3.30661161,,5.72956725
3.30695352,,5.72956725
3.3115883,,5.72956725
3.31219614,,5.68595955
3.31531132,,5.7077634
3.31751474,,5.72956725
3.3188064,,5.70049545
3.32100982,,5.7368352
3.32271937,,5.6786916
3.32553063,,5.7368352
3.32621445,,5.68595955
3.33027938,,5.74410315
3.3309632,,5.67142365
3.33396441,,5.54544585
3.33757346,,5.5381779
3.33837125,,5.51637405
3.34232221,,5.55998175
3.34395578,,5.5527138
3.34638714,,5.5672497
3.34741287,,5.57451765
3.35011016,,5.6253933
3.35079398,,5.5817856
3.35345328,,5.6253933
3.35402313,,5.6253933
3.35774615,,5.54544585
3.35820203,,5.51637405
3.36169711,,5.55998175
3.3640145,,5.57451765
3.36644586,,5.5817856
3.36785149,,5.5817856
3.3719924,,5.55998175
3.37480366,,5.61812535
3.37560145,,5.6108574
3.38114799,,5.60358945
3.38175583,,5.47761165
3.3856688,,5.523642
3.38673252,,5.5091061
3.38961976,,5.5381779
3.39159524,,5.53090995
3.39239303,,5.54544585
3.39577414,,5.57451765
3.39600208,,5.5963215
3.40040892,,5.4703437
3.40379003,,5.50183815
3.40458782,,5.47761165
3.40853878,,5.5381779
3.40956451,,5.54544585
3.41397135,,5.5672497
3.41526301,,5.5527138
3.41826422,,5.60358945
3.41917598,,5.5672497
3.42267106,,5.5963215
3.42358282,,5.57451765
3.42616614,,5.5963215
3.42684996,,5.5817856
3.43091489,,5.6253933
3.43205459,,5.5817856
3.43623349,,5.61812535
3.43680334,,5.57451765
3.44064033,,5.5963215
3.44155209,,5.54544585
3.44447732,,5.5817856
3.4449332,,5.57451765
3.45047974,,5.5963215
3.45108758,,5.5381779
3.45488658,,5.5817856
3.45549442,,5.54544585
3.45872357,,5.58905355
3.45978729,,5.54544585
3.46301644,,5.57451765
3.46324438,,5.5381779
3.46685343,,5.5527138
3.46753725,,5.55998175
3.47217203,,5.58905355
3.47296982,,5.49214755
3.47612299,,5.5527138
3.47623696,,5.5381779
3.47958008,,5.5527138
3.48007395,,5.54544585
3.48307516,,5.5527138
3.48353104,,5.53090995
3.48827979,,5.5381779
3.48957145,,5.53090995
3.49048321,,5.5381779
3.49534593,,5.5817856
3.4958398,,5.50183815
3.49781528,,5.54544585
3.49838513,,5.55998175
3.50393167,,5.55998175
3.50438755,,5.49214755
3.50674293,,5.53090995
3.50719881,,5.53090995
3.51099781,,5.5527138
3.51126374,,5.51637405
3.51529068,,5.523642
3.51578455,,5.5091061
3.51844385,,5.523642
3.51878576,,5.5091061
3.5231926,,5.49214755
3.52364848,,5.47761165
3.52816929,,5.5091061
3.52873914,,5.49214755
3.53014477,,5.51637405
3.53280407,,5.50183815
3.53348789,,5.49214755
3.54036408,,5.30802615
3.54195966,,5.3152941
3.54404911,,5.3152941
3.54648047,,5.3685924
3.54845595,,5.35163385
3.55077334,,5.3976642
3.55195103,,5.36132445
3.55449636,,5.3831283
3.55495224,,5.3976642
3.55970099,,5.3831283
3.56053677,,5.33709795
3.56562743,,5.36132445
3.56631125,,5.3152941
3.56919849,,5.3831283
3.56957839,,5.3685924
3.57326342,,5.3976642
3.57360533,,5.40493215
3.57618865,,5.3443659
3.57824011,,5.33709795
3.58325479,,5.35163385
3.5847364,,5.33709795
3.58834545,,5.3685924
3.5889153,,5.36132445
3.59343611,,5.3831283
3.59389199,,5.37586035
3.59970446,,5.29349025
3.60016034,,5.2716864
3.60468115,,5.29349025
3.60513703,,5.27895435
3.60886005,,5.3443659
3.60920196,,5.33709795
3.61338086,,5.3685924
3.61372277,,5.35163385
3.61790167,,5.32256205
3.61896539,,5.30802615
3.62394208,,5.32256205
3.62473987,,5.29349025
3.62903274,,5.32983
3.62948862,,5.32256205
3.63309767,,5.37586035
3.63343958,,5.3443659
3.63587094,,5.39039625
3.63644079,,5.37586035
3.64004984,,5.3685924
3.64039175,,5.35163385
3.64411477,,5.36132445
3.64548241,,5.3685924
3.64806573,,5.36132445
3.65186473,,5.39039625
3.65315639,,5.35163385
3.65661348,,5.3831283
3.65870293,,5.36132445
3.66151419,,5.3685924
3.66440143,,5.29349025
3.66835239,,5.33709795
3.66915018,,5.27895435
3.67192345,,5.30802615
3.67264526,,5.29349025
3.67587441,,5.32256205
3.67655823,,5.30802615
3.68050919,,5.3152941
3.68119301,,5.3152941
3.68468809,,5.35163385
3.68548588,,5.32256205
3.69012066,,5.3152941
3.69050056,,5.29349025
3.69407162,,5.30802615
3.6949074,,5.3007582
3.69954218,,5.3152941
3.69999806,,5.29349025
3.70334118,,5.3007582
3.70429093,,5.29349025
3.70797596,,5.3152941
3.70926762,,5.2571505
3.7112431,,5.29349025
3.71169898,,5.29349025
3.71610582,,5.30802615
3.71678964,,5.24988255
3.72028472,,5.29349025
3.7207406,,5.26441845
3.72457759,,5.30802615
3.72526141,,5.2571505
3.72826262,,5.29349025
3.72898443,,5.2716864
3.73384715,,5.1457086
3.73418906,,5.1021009
3.73802605,,5.13844065
3.73870987,,5.1021009
3.74171108,,5.1311727
3.74220495,,5.12390475
3.74554807,,5.18204835
3.74649782,,5.18204835
3.7511326,,5.19658425
3.75215833,,5.16751245
3.75413381,,5.15297655
3.75702105,,5.1602445
3.75865462,,5.1311727
3.76188377,,5.15297655
3.76363131,,5.1457086
3.76815212,,5.19658425
3.7689879,,5.18204835
3.77476238,,5.15297655
3.77594007,,5.1021009
3.7811447,,5.1166368
3.78160058,,5.1021009
3.78452581,,5.1311727
3.78520963,,5.1457086
3.7895025,,5.15297655
3.79030029,,5.1602445
3.79425125,,5.1021009
3.79622673,,5.1021009
3.79854412,,5.087565
3.8005196,,5.1166368
3.80363478,,5.1166368
3.80572423,,5.1602445
3.80724383,,5.1457086
3.80944725,,5.1602445
3.8111568,,5.09483295
3.81617148,,5.09483295
3.8168553,,5.08029705
3.82035038,,5.12390475
3.82080626,,5.12390475
3.82300968,,5.1311727
3.82646677,,5.16751245
3.82867019,,5.0730291
3.83330497,,5.09483295
3.83482457,,5.0633385
3.83805372,,5.10936885
3.83991523,,5.087565
3.84211865,,5.1311727
3.84284046,,5.12390475
3.84781715,,5.1457086
3.84895685,,5.09483295
3.85222399,,5.1457086
3.85302178,,5.1457086
3.85811244,,5.1602445
3.85860631,,5.1166368
3.86103767,,5.15297655
3.86172149,,5.1311727
3.86669818,,5.12390475
3.86821778,,5.1311727
3.86996532,,5.10936885
3.87216874,,5.13844065
3.87414422,,5.10936885
3.87760131,,5.15297655
3.87969076,,5.09483295
3.88189418,,5.12390475
3.88329981,,5.09483295
3.88804856,,5.1311727
3.88896032,,5.10936885
3.89234143,,5.1311727
3.89488676,,5.087565
3.89811591,,5.12390475
3.89917963,,5.1021009
3.9019529,,5.1311727
3.90415632,,5.087565
3.90715753,,5.1166368
3.90856316,,5.08029705
3.91167834,,5.10936885
3.91342588,,5.08029705
3.91692096,,5.10936885
3.91771875,,5.1021009
3.92223956,,5.10936885
3.92326529,,5.0197308
3.92653243,,5.1021009
3.92710228,,5.05607055
3.93036942,,5.1021009
3.93059736,,5.0488026
3.93382651,,5.0730291
3.93416842,,5.0488026
3.93823335,,5.087565
3.93857526,,5.0488026
3.94241225,,5.0730291
3.94275416,,5.0488026
3.94750291,,5.0633385
3.94890854,,5.0488026
3.95122593,,5.05607055
3.95168181,,5.0633385
3.9570384,,5.0197308
3.95908986,,5.05607055
3.9608374,,5.0342667
3.96399057,,5.0633385
3.96490233,,5.05607055
3.96999299,,4.95431925
3.9707148,,4.8792171
3.97253832,,4.90102095
3.97626134,,4.93978335
3.97721109,,4.893753
3.98032627,,4.9615872
3.98101009,,4.9325154
3.98484708,,4.96885515
3.9855309,,4.90102095
3.98982377,,4.9082889
3.99065955,,4.91555685
3.99366076,,4.91555685
3.99423061,,4.9325154
3.99840951,,4.9470513
3.9992073,,4.88648505
4.00444992,,4.9228248
4.00479183,,4.90102095
4.00824892,,4.9228248
4.00988249,,4.95431925
4.01163003,,4.95431925
4.01451727,,4.9761231
4.0174425,,4.8792171
4.02032974,,4.893753
4.02158341,,4.893753
4.02473658,,4.91555685
4.02739588,,4.90102095
4.03016915,,4.9470513
4.03134684,,4.9470513
4.03434805,,4.96885515
4.03586765,,4.88648505
4.04038846,,4.91555685
4.04152816,,4.8646812
4.04433942,,4.91555685
4.04513721,,4.9228248
4.04920214,,4.9470513
4.04999993,,4.9325154
4.05531853,,4.90102095
4.05615431,,4.84287735
4.0596114,,4.8501453
4.06067512,,4.8646812
4.06462608,,4.88648505
4.06705744,,4.90102095
4.06888096,,4.9082889
4.07157825,,4.9228248
4.07469343,,4.90102095
4.07735273,,4.9470513
4.07853042,,4.893753
4.08305123,,4.93978335
4.08396299,,4.90102095
4.08768601,,4.91555685
4.0884838,,4.91555685
4.0926627,,4.9082889
4.09372642,,4.90102095
4.0968416,,4.91555685
4.09763939,,4.9325154
4.10204623,,4.9082889
4.10265407,,4.90102095
4.10668101,,4.91555685
4.10717488,,4.9325154
4.11158172,,4.91555685
4.1131773,,4.90102095
4.11526675,,4.90102095
4.11678635,,4.9082889
4.11967359,,4.9228248
4.12073731,,4.9325154
4.12396646,,4.9082889
4.12503018,,4.9082889
4.1283733,,4.91555685
4.12905712,,4.9082889
4.1336919,,4.893753
4.13429974,,4.8792171
4.13730095,,4.87194915
4.13950437,,4.8792171
4.14147985,,4.8792171
4.14436709,,4.9082889
4.14554478,,4.87194915
4.14809011,,4.88648505
4.1488879,,4.87194915
4.15435846,,4.893753
4.15492831,,4.85741325
4.15758761,,4.8646812
4.16096872,,4.76050725
4.16290621,,4.6950957
4.16583144,,4.77504315
4.16640129,,4.7532393
4.1697824,,4.79926965
4.17058019,,4.79926965
4.17380934,,4.8210735
4.17567085,,4.8356094
4.18053357,,4.7532393
4.18171126,,4.74597135
4.18528232,,4.73143545
4.18786564,,4.7920017
4.18911931,,4.7823111
4.19177861,,4.8065376
4.19352615,,4.74597135
4.19804696,,4.77504315
4.19933862,,4.74597135
4.20279571,,4.8065376
4.20340355,,4.7677752
4.20731652,,4.7677752
4.20826627,,4.7532393
4.21267311,,4.77504315
4.21312899,,4.7387034
4.21635814,,4.7677752
4.21742186,,4.7823111
4.22065101,,4.74597135
4.22403212,,4.76050725
4.2256277,,4.74597135
4.22889484,,4.7920017
4.23003454,,4.7532393
4.23409947,,4.79926965
4.23527716,,4.7387034
4.23850631,,4.7677752
4.23934209,,4.7532393
4.24314109,,4.7241675
4.24523054,,4.7241675
4.24743396,,4.7241675
4.25047316,,4.7387034
4.25241065,,4.71689955
4.25590573,,4.7823111
4.25647558,,4.7241675
4.26042654,,4.7532393
4.26122433,,4.74597135
4.26460544,,4.76050725
4.26574514,,4.7532393
4.26981007,,4.7532393
4.27144364,,4.7532393
4.27516666,,4.7677752
4.27676224,,4.7532393
4.27873772,,4.76050725
4.28094114,,4.7677752
4.28443622,,4.73143545
4.28663964,,4.76050725
4.28766537,,4.7387034
4.29055261,,4.7532393
4.2917303,,4.71689955
4.2943896,,4.74597135
4.29545332,,4.7241675
4.30054398,,4.7677752
4.3012278,,4.7241675
4.30563464,,4.7920017
4.30647042,,4.6805598
4.30969957,,4.74597135
4.31026942,,4.7096316
4.3137645,,4.7387034
4.31433435,,4.7387034
4.31782943,,4.73143545
4.31839928,,4.73143545
4.32292009,,4.76050725
4.323262,,4.6950957
4.32709899,,4.7241675
4.32846663,,4.7387034
4.33127789,,4.70236365
4.33298744,,4.71689955
4.33416513,,4.7241675
4.33834403,,4.59092175
4.34168715,,4.6127256
4.34240896,,4.59092175
4.34575208,,4.63452945
4.34704374,,4.6272615
4.35095671,,4.65875595
4.35167852,,4.651488
4.35665521,,4.63452945
4.357453,,4.59092175
4.36185984,,4.61999355
4.36246768,,4.57638585
4.36546889,,4.6127256
4.36626668,,4.63452945
4.37021764,,4.64422005
4.37090146,,4.59092175
4.37591614,,4.6127256
4.37705584,,4.61999355
4.3794872,,4.63452945
4.3810068,,4.651488
4.38529967,,4.60545765
4.38678128,,4.59092175
4.39004842,,4.6127256
4.3920239,,4.6272615
4.39411335,,4.64422005
4.39779838,,4.64422005
4.39920401,,4.64422005
4.40315497,,4.65875595
4.40501648,,4.6272615
4.40881548,,4.6660239
4.40942332,,4.61999355
4.41276644,,4.6660239
4.41333629,,4.65875595
4.41857891,,4.6805598
4.41926273,,4.61999355
4.42271982,,4.61999355
4.42423942,,4.64422005
4.42701269,,4.64422005
4.42841832,,4.63452945
4.43225531,,4.60545765
4.4345727,,4.6272615
4.43559843,,4.6127256
4.43977733,,4.651488
4.44068909,,4.6272615
4.44395623,,4.651488
4.44475402,,4.64422005
4.4493888,,4.651488
4.44999664,,4.5981897
4.45311182,,4.651488
4.45345373,,4.6127256
4.45717675,,4.651488
4.45808851,,4.61999355
4.46124168,,4.63452945
4.46367304,,4.64422005
4.46587646,,4.6127256
4.46678822,,4.61999355
4.47108109,,4.5981897
4.47305657,,4.6127256
4.47362642,,4.63452945
4.47848914,,4.651488
4.47898301,,4.60545765
4.48232613,,4.65875595
4.48289598,,4.6272615
4.48730282,,4.63452945
4.48791066,,4.47947985
4.49216554,,4.5109743
4.49288735,,4.49401575
4.4949768,,4.5109743
4.49729419,,4.54731405
4.49995349,,4.5400461
4.50227088,,4.5691179
4.50458827,,4.50370635
4.50781742,,4.5109743
4.51040074,,4.50370635
4.5128321,,4.5400461
4.51560537,,4.51824225
4.51894849,,4.59092175
4.51978427,,4.49401575
4.52358327,,4.53277815
4.52430508,,4.53277815
4.52905383,,4.554582
4.52973765,,4.5109743
4.53300479,,4.5109743
4.53460037,,4.49401575
4.53820942,,4.50370635
4.53984299,,4.5255102
4.54238832,,4.53277815
4.54341405,,4.54731405
4.54934049,,4.50370635
4.55074612,,4.46494395
4.55306351,,4.50370635
4.55477306,,4.5109743
4.55781226,,4.5255102
4.55929387,,4.5400461
4.56290292,,4.5400461
4.56510634,,4.56184995
4.56579016,,4.554582
4.57114675,,4.56184995
4.5717166,,4.5255102
4.57543962,,4.50370635
4.57623741,,4.4722119
4.57923862,,4.4722119
4.58053028,,4.4722119
4.58527903,,4.50370635
4.5869126,,4.5255102
4.58979984,,4.51824225
4.59211723,,4.5400461
4.59523241,,4.5109743
4.59827161,,4.53277815
4.59895543,,4.5255102
4.60245051,,4.54731405
4.60336227,,4.5400461
4.60788308,,4.554582
4.60811102,,4.49401575
4.61194801,,4.53277815
4.61228992,,4.53277815
4.61760852,,4.5400461
4.61878621,,4.50370635
4.62019184,,4.47947985
4.62228129,,4.5109743
4.62551044,,4.5109743
4.62608029,,4.49401575
4.6306011,,4.4722119
4.63303246,,4.50370635
4.63398221,,4.51824225
4.63607166,,4.51824225
4.63941478,,4.45040805
4.64245398,,4.51824225
4.6431378,,4.49401575
4.64545519,,4.5109743
4.64613901,,4.51824225
4.6511157,,4.39226445
4.65206545,,4.35350205
4.65552254,,4.37772855
4.65670023,,4.40680035
4.66015732,,4.42133625
4.6621328,,4.4286042
4.66445019,,4.4286042
4.66562788,,4.4431401
4.6704906,,4.3849965
4.67349181,,4.40680035
4.67478347,,4.42133625
4.67710086,,4.4286042
4.68010207,,4.42133625
4.68348318,,4.46494395
4.68439494,,4.4286042
4.68891575,,4.4431401
4.68952359,,4.39226445
4.6936645,,4.39226445
4.69427234,,4.3995324
4.69856521,,4.43587215
4.69879315,,4.42133625
4.70342793,,4.4722119
4.70399778,,4.4140683
4.70760683,,4.46494395
4.70863256,,4.43587215
4.71383719,,4.37772855
4.71444503,,4.3704606
4.718358,,4.3704606
4.72082735,,4.3849965
4.72185308,,4.3849965
4.72591801,,4.42133625
4.72728565,,4.3849965
4.73100867,,4.43587215
4.73135058,,4.4140683
4.73598536,,4.4431401
4.7365932,,4.3995324
4.74073411,,4.4286042
4.74236768,,4.4286042
4.74354537,,4.4286042
4.74783824,,4.4431401
4.74920588,,4.39226445
4.75349875,,4.4286042
4.75418257,,4.3995324
4.75767765,,4.3995324
4.75847544,,4.40680035
4.76299625,,4.4286042
4.76371806,,4.37772855
4.76683324,,4.39226445
4.76740309,,4.40680035
4.77203787,,4.42133625
4.77253174,,4.37772855
4.77655868,,4.3849965
4.77716652,,4.37772855
4.78145939,,4.3995324
4.78259909,,4.3849965
4.7856003,,4.3849965
4.78829759,,4.37772855
4.78966523,,4.28082255
4.79350222,,4.2880905
4.79502182,,4.2735546
4.79825097,,4.30989435
4.79904876,,4.29535845
4.80254384,,4.32443025
4.80322766,,4.30989435
4.80835631,,4.33896615
4.80904013,,4.2590187
4.81299109,,4.28082255
4.81413079,,4.2735546
4.81796778,,4.3171623
4.81876557,,4.3171623
4.82248859,,4.36319265
4.82328638,,4.33896615
4.82887091,,4.35350205
4.82955473,,4.2735546
4.83327775,,4.29535845
4.83430348,,4.29535845
4.83768459,,4.3026264
4.83848238,,4.2880905
4.84323113,,4.3316982
4.84406691,,4.28082255
4.84797988,,4.3462341
4.84832179,,4.3171623
4.85333647,,4.3462341
4.85356441,,4.28082255
4.85797125,,4.3026264
4.85956683,,4.3026264
4.86192221,,4.29535845
4.86503739,,4.3171623
4.86724081,,4.29535845
4.87035599,,4.3171623
4.87119177,,4.3026264
4.87510474,,4.32443025
4.87582655,,4.2880905
4.87916967,,4.3171623
4.87962555,,4.3171623
4.88498214,,4.3171623
4.88566596,,4.26628665
4.88821129,,4.29535845
4.88904707,,4.3026264
4.89436567,,4.2590187
4.89470758,,4.1911845
4.89900045,,4.2299469
4.89945633,,4.19845245
4.9026095,,4.2299469
4.90329332,,4.23721485
4.90690237,,4.2735546
4.90758619,,4.26628665
4.91104328,,4.25175075
4.91465233,,4.22267895
4.91571605,,4.2057204
4.92023686,,4.2590187
4.9216045,,4.22267895
4.92555546,,4.28082255
4.92601134,,4.2444828
4.93007627,,4.2444828
4.93064612,,4.19845245
4.93459708,,4.22267895
4.93516693,,4.19845245
4.93991568,,4.2444828
4.94052352,,4.23721485
4.94398061,,4.2590187
4.94443649,,4.25175075
4.94979308,,4.26628665
4.95104675,,4.25175075
4.95454183,,4.22267895
4.95488374,,4.2444828
4.95872073,,4.2590187
4.95951852,,4.2444828
4.96369742,,4.22267895
4.96624275,,4.2444828
4.96764838,,4.2299469
4.97110547,,4.2590187
4.97273904,,4.22267895
4.97562628,,4.25175075
4.97691794,,4.25175075
4.97889342,,4.2444828
4.98014709,,4.25175075
4.9846679,,4.22267895
4.98759313,,4.2444828
4.98861886,,4.25175075
4.99211394,,4.2444828
4.99291173,,4.23721485
4.99754651,,4.28082255
4.9983443,,4.19845245
5.00149747,,4.15484475
5.00172541,,4.118505
5.0067021,,4.15484475
5.00727195,,4.1475768
5.00958934,,4.16938065
5.01053909,,4.16938065
5.01460402,,4.18391655
5.01517387,,4.18391655
5.02072041,,4.1766486
5.02132825,,4.1330409
5.02630494,,4.15484475
5.02698876,,4.14030885
5.03093972,,4.16938065
5.03116766,,4.1475768
5.03454877,,4.1911845
5.03591641,,4.2057204
5.03986737,,4.1621127
5.04275461,,4.1911845
5.04416024,,4.16938065
5.0477313,,4.2057204
5.0492509,,4.1766486
5.05263201,,4.19845245
5.05308789,,4.1766486
5.05772267,,4.16938065
5.05806458,,4.11123705
5.06212951,,4.12577295
5.06258539,,4.11123705
5.06653635,,4.16938065
5.06722017,,4.14030885
5.07246279,,4.18391655
5.07360249,,4.1475768
5.07603385,,4.15484475
5.07766742,,4.1621127
5.08241617,,4.118505
5.08355587,,4.1039691
5.08716492,,4.11123705
5.08891246,,4.12577295
5.09145779,,4.12577295
5.09457297,,4.15484475
5.09620654,,4.1330409
5.10061338,,4.1621127
5.10118323,,4.1330409
5.10467831,,4.1621127
5.1054761,,4.14030885
5.10908515,,4.15484475
5.11106063,,4.15484475
5.11197239,,4.14030885
5.11660717,,4.1475768
5.11732898,,4.14030885
5.12207773,,4.15484475
5.12264758,,4.11123705
5.12785221,,4.1039691
5.12785221,,4.02886695
5.13134729,,4.04340285
5.13180317,,4.04340285
5.13677986,,4.08216525
5.13712177,,4.0652067
5.14061685,,4.118505
5.14095876,,4.09670115
5.14677123,,4.05793875
5.14848078,,4.0361349
5.15034229,,4.0652067
5.1522038,,4.0748973
5.15592682,,4.0748973
5.15949788,,4.11123705
5.1605616,,4.08216525
5.16451256,,4.118505
5.16508241,,4.08216525
5.16903337,,4.0894332
5.16960322,,4.0652067
5.17389609,,4.11123705
5.174238,,4.0748973
5.17773308,,4.09670115
5.17875881,,4.1039691
5.18248183,,4.08216525
5.18407741,,4.1039691
5.18700264,,4.0652067
5.19034576,,4.0894332
5.19186536,,4.04340285
5.19498054,,4.0748973
5.19532245,,4.05793875
5.2004511,,4.11123705
5.20102095,,4.02886695
5.2031104,,4.0652067
5.20402216,,4.0748973
5.20854297,,4.0506708
5.21086036,,4.08216525
5.21272187,,4.04340285
5.21621695,,4.0361349
5.21690077,,3.9634554
5.22050982,,3.98525925
5.22176349,,3.97072335
5.22548651,,3.99979515
5.22617033,,3.9779913
5.22989335,,4.04340285
5.23023526,,3.99979515
5.23407225,,3.99979515
5.2346421,,3.9634554
5.24007467,,3.98525925
5.24262,,4.0070631
5.24425357,,3.98525925
5.24786262,,4.0070631
5.24934423,,3.99979515
5.25261137,,4.02886695
5.25306725,,4.02886695
5.25713218,,4.02886695
5.25770203,,4.0070631
5.26222284,,4.021599
5.26294465,,3.9925272
5.26708556,,4.01433105
5.26792134,,3.9779913
5.26989682,,4.01433105
5.27069461,,4.021599
5.27601321,,3.97072335
5.27893844,,4.0070631
5.27962226,,3.98525925
5.28285141,,4.02886695
5.28311734,,3.99979515
5.28854991,,4.0361349
5.28900579,,3.9779913
5.2923869,,4.0070631
5.29470429,,4.0070631
5.29629987,,3.9925272
5.29956701,,4.0070631
5.30002289,,3.94165155
5.30291013,,3.9489195
5.30477164,,3.9101571
5.30743094,,3.97072335
5.30860863,,3.95618745
5.31244562,,3.98525925
5.31358532,,3.90288915
5.31787819,,3.9489195
5.31833407,,3.94165155
5.32160121,,3.97072335
5.322399,,3.9489195
5.32726172,,3.97072335
5.32760363,,3.97072335
5.33166856,,3.97072335
5.33307419,,3.97072335
5.33630334,,3.9634554
5.33827882,,3.9779913
5.34059621,,3.94165155
5.34352144,,3.97072335
5.34572486,,3.9489195
5.34918195,,3.9634554
5.3497518,,3.94165155
5.35370276,,3.9779913
5.35438658,,3.9489195
5.35833754,,3.9489195
5.35928729,,3.9489195
5.36194659,,3.95618745
5.36369413,,3.9634554
5.36703725,,3.9343836
5.36992449,,3.9489195
5.37121615,,3.9343836
5.37493917,,3.9343836
5.37550902,,3.84474555
5.37980189,,3.87381735
5.38048571,,3.85928145
5.38409476,,3.91742505
5.38443667,,3.87381735
5.38766582,,3.9101571
5.38838763,,3.90288915
5.39252854,,3.88835325
5.39359226,,3.87381735
5.39765719,,3.9101571
5.39879689,,3.8956212
5.40286182,,3.87381735
5.40681278,,3.88835325
5.40726866,,3.8665494
5.4116755,,3.924693
5.41224535,,3.87381735
5.4158544,,3.90288915
5.41631028,,3.91742505
5.42071712,,3.9101571
5.42140094,,3.8810853
5.42432617,,3.8810853
5.42626366,,3.88835325
5.42778326,,3.90288915
5.43078447,,3.91742505
5.43264598,,3.90288915
5.43439352,,3.91742505
5.43823051,,3.88835325
5.44123172,,3.8956212
5.44191554,,3.87381735
5.44575253,,3.88835325
5.44658831,,3.8520135
5.44981746,,3.8520135
5.45027334,,3.81567375
5.45468018,,3.83020965
5.45525003,,3.7938699
5.45874511,,3.83020965
5.45920099,,3.8084058
5.46455758,,3.85928145
5.46512743,,3.80113785
5.46919236,,3.8229417
5.46976221,,3.83020965
5.47416905,,3.87381735
5.47580262,,3.8520135
5.4789178,,3.83020965
5.48226092,,3.8665494
5.48286876,,3.84474555
5.48716163,,3.8520135
5.48761751,,3.7696434
5.49156847,,3.81567375
5.49350596,,3.83020965
5.49479762,,3.8229417
5.49909049,,3.8520135
5.50083803,,3.8084058
5.50338336,,3.8374776
5.50349733,,3.84474555
5.50836005,,3.84474555
5.50858799,,3.8520135
5.51288086,,3.87381735
5.51288086,,3.8374776
5.51762961,,3.84474555
5.51808549,,3.81567375
5.52192248,,3.8229417
5.52344208,,3.8520135
5.52610138,,3.8374776
5.52841877,,3.84474555
5.53073616,,3.81567375
5.53423124,,3.8374776
5.53480109,,3.8229417
5.53909396,,3.8665494
5.53943587,,3.7938699
5.54220914,,3.7841793
5.54293095,,3.7696434
5.54684392,,3.7696434
5.5488194,,3.80113785
5.550339,,3.77691135
5.55428996,,3.81567375
5.55463187,,3.7696434
5.55820293,,3.7938699
5.55881077,,3.7938699
5.56321761,,3.8374776
5.56344555,,3.8084058
5.56785239,,3.7551075
5.57051169,,3.7696434
5.57176536,,3.76237545
5.57469059,,3.8084058
5.57537441,,3.80113785
5.57978125,,3.81567375
5.58057904,,3.7938699
5.58418809,,3.8084058
5.58430206,,3.7841793
5.58768317,,3.8229417
5.58836699,,3.80113785
5.59254589,,3.76237545
5.59509122,,3.7841793
5.59577504,,3.76237545
5.59877625,,3.81567375
5.59938409,,3.7841793
5.60447475,,3.80113785
5.60493063,,3.7551075
5.60796983,,3.7841793
5.60888159,,3.80113785
5.61142692,,3.77691135
5.61374431,,3.80113785
5.61617567,,3.76237545
5.61944281,,3.77691135
5.61978472,,3.70423185
5.62419156,,3.7405716
5.62476141,,3.6969639
5.62825649,,3.74783955
5.62882634,,3.7405716
5.63311921,,3.76237545
5.63380303,,3.74783955
5.63820987,,3.74783955
5.6396155,,3.74783955
5.64352847,,3.76237545
5.64656767,,3.76237545
5.64736546,,3.7260357
5.65188627,,3.7551075
5.65234215,,3.7114998
5.65640708,,3.7551075
5.65663502,,3.7551075
5.65956025,,3.7551075
5.66138377,,3.7696434
5.66522076,,3.73330365
5.66905775,,3.76237545
5.66951363,,3.7260357
5.67323665,,3.74783955
5.67335062,,3.7405716
5.67692168,,3.76237545
5.67866922,,3.74783955
5.6806447,,3.74783955
5.68436772,,3.74783955
5.68505154,,3.73330365
5.6890025,,3.7696434
5.68945838,,3.71876775
5.69211768,,3.71876775
5.69295346,,3.73330365
5.69747427,,3.7114998
5.70024754,,3.73330365
5.70070342,,3.682428
5.70404654,,3.7405716
5.70454041,,3.6969639
5.70906122,,3.68969595
5.70963107,,3.6291297
5.71251831,,3.66062415
5.71544354,,3.70423185
5.71726706,,3.67516005
5.72042023,,3.71876775
5.72099008,,3.70423185
5.72551089,,3.74783955
5.72596677,,3.6533562
5.72957582,,3.682428
5.73037361,,3.6533562
5.73466648,,3.6969639
5.73618608,,3.70423185
5.73850347,,3.7114998
5.74047895,,3.6969639
5.7437081,,3.6678921
5.74720318,,3.71876775
5.74765906,,3.66062415
5.75077424,,3.6969639
5.75286369,,3.7114998
5.75461123,,3.682428
5.75833425,,3.6969639
5.75924601,,3.63639765
5.76274109,,3.70423185
5.76331094,,3.6533562
5.76551436,,3.67516005
5.76619818,,3.682428
5.77037708,,3.67516005
5.77280844,,3.67516005
5.77455598,,3.63639765
5.77664543,,3.63639765
5.77930473,,3.63639765
5.78185006,,3.66062415
5.78268584,,3.6533562
5.78766253,,3.682428
5.78880223,,3.6145938
5.79229731,,3.6533562
5.79275319,,3.60732585
5.79670415,,3.6533562
5.79716003,,3.64608825
5.8014529,,3.682428
5.80202275,,3.64608825
5.8067715,,3.6678921
5.80711341,,3.6291297
5.81083643,,3.63639765
5.81326779,,3.66062415
5.81455945,,3.6291297
5.81790257,,3.6678921
5.81873835,,3.66062415
5.8234871,,3.6678921
5.82405695,,3.6000579
5.82705816,,3.63639765
5.82777997,,3.63639765
5.83169294,,3.64608825
5.83439023,,3.64608825
5.83473214,,3.63639765
5.83948089,,3.64608825
5.8398228,,3.6145938
5.84282401,,3.62186175
5.84343185,,3.57825405
5.84806663,,3.60732585
5.84863648,,3.5709861
5.85281538,,3.6000579
5.85304332,,3.60732585
5.85699428,,3.59278995
5.85953961,,3.59278995
5.86128715,,3.585522
5.86474424,,3.60732585
5.86546605,,3.60732585
5.86972093,,3.63639765
5.87044274,,3.60732585
5.8740138,,3.63639765
5.87424174,,3.6145938
5.87902848,,3.60732585
5.88111793,,3.62186175
5.88282748,,3.6000579
5.88689241,,3.63639765
5.88746226,,3.59278995
5.89118528,,3.6000579
5.8918691,,3.5564502
5.89502227,,3.59278995
5.896048,,3.585522
5.8990872,,3.6000579
5.90163253,,3.6145938
5.90417786,,3.5709861
5.90729304,,3.6145938
5.90881264,,3.585522
5.91226973,,3.6145938
5.9127636,,3.60732585
5.91633466,,3.62186175
5.91679054,,3.585522
5.92028562,,3.6145938
5.92051356,,3.57825405
5.92571819,,3.57825405
5.92723779,,3.5709861
5.92978312,,3.59278995
5.93255639,,3.62186175
5.93373408,,3.59278995
5.93673529,,3.6145938
5.93848283,,3.585522
5.94148404,,3.60732585
5.94323158,,3.59278995
5.94661269,,3.60732585
5.9469546,,3.57825405
5.95006978,,3.62186175
5.95029772,,3.59278995
5.9549325,,3.6145938
5.9553124,,3.57825405
5.95888346,,3.60732585
5.95933934,,3.59278995
5.96515181,,3.62186175
5.96572166,,3.57825405
5.96887483,,3.5273784
5.97142016,,3.5419143
5.97210398,,3.5709861
5.97639685,,3.585522
5.97757454,,3.56371815
5.98171545,,3.585522
5.98243726,,3.5709861
5.98612229,,3.585522
5.9868441,,3.56371815
5.99075707,,3.585522
5.991023,,3.57825405
5.99504994,,3.585522
5.9963416,,3.57825405
5.99934281,,3.56371815
6.00120432,,3.57825405
6.00458543,,3.54918225
6.00747267,,3.585522
6.00781458,,3.57825405
6.01187951,,3.59278995
6.01222142,,3.53464635
6.01510866,,3.54918225
6.01742605,,3.5419143
6.02000937,,3.5709861
6.02289661,,3.5709861
6.02358043,,3.5564502
6.0278733,,3.585522
6.02844315,,3.53464635
6.03250808,,3.5709861
6.0331919,,3.54918225
